month_date,row_type,actual_volume_mn,forecast_volume_mn,lower_mn,upper_mn,model
04/01/2016,actual,0.00,,,,XGBoost
05/01/2016,actual,0.00,,,,XGBoost
06/01/2016,actual,0.00,,,,XGBoost
07/01/2016,actual,0.09,,,,XGBoost
08/01/2016,actual,0.09,,,,XGBoost
09/01/2016,actual,0.09,,,,XGBoost
10/01/2016,actual,0.10,,,,XGBoost
11/01/2016,actual,163.55,,,,XGBoost
12/01/2016,actual,154.99,,,,XGBoost
01/01/2017,actual,168.75,,,,XGBoost
02/01/2017,actual,168.63,,,,XGBoost
03/01/2017,actual,181.52,,,,XGBoost
04/01/2017,actual,204.54,,,,XGBoost
05/01/2017,actual,199.03,,,,XGBoost
06/01/2017,actual,216.08,,,,XGBoost
07/01/2017,actual,241.13,,,,XGBoost
08/01/2017,actual,243.52,,,,XGBoost
09/01/2017,actual,263.21,,,,XGBoost
10/01/2017,actual,248.21,,,,XGBoost
11/01/2017,actual,241.17,,,,XGBoost
12/01/2017,actual,283.93,,,,XGBoost
01/01/2018,actual,268.01,,,,XGBoost
02/01/2018,actual,287.31,,,,XGBoost
03/01/2018,actual,285.09,,,,XGBoost
04/01/2018,actual,325.43,,,,XGBoost
05/01/2018,actual,364.77,,,,XGBoost
06/01/2018,actual,368.12,,,,XGBoost
07/01/2018,actual,416.94,,,,XGBoost
08/01/2018,actual,411.26,,,,XGBoost
09/01/2018,actual,423.20,,,,XGBoost
10/01/2018,actual,417.46,,,,XGBoost
11/01/2018,actual,472.49,,,,XGBoost
12/01/2018,actual,435.38,,,,XGBoost
01/01/2019,actual,423.33,,,,XGBoost
02/01/2019,actual,494.81,,,,XGBoost
03/01/2019,actual,477.33,,,,XGBoost
04/01/2019,actual,559.55,,,,XGBoost
05/01/2019,actual,544.03,,,,XGBoost
06/01/2019,actual,604.02,,,,XGBoost
07/01/2019,actual,684.56,,,,XGBoost
08/01/2019,actual,724.64,,,,XGBoost
09/01/2019,actual,716.35,,,,XGBoost
10/01/2019,actual,708.35,,,,XGBoost
11/01/2019,actual,702.12,,,,XGBoost
12/01/2019,actual,663.93,,,,XGBoost
01/01/2020,actual,714.40,,,,XGBoost
02/01/2020,actual,765.00,,,,XGBoost
03/01/2020,actual,890.26,,,,XGBoost
04/01/2020,actual,932.41,,,,XGBoost
05/01/2020,actual,909.95,,,,XGBoost
06/01/2020,actual,1082.21,,,,XGBoost
07/01/2020,actual,1102.91,,,,XGBoost
08/01/2020,actual,1122.78,,,,XGBoost
09/01/2020,actual,1210.68,,,,XGBoost
10/01/2020,actual,1240.17,,,,XGBoost
11/01/2020,actual,1238.03,,,,XGBoost
12/01/2020,actual,1140.02,,,,XGBoost
01/01/2021,actual,1210.04,,,,XGBoost
02/01/2021,actual,1321.57,,,,XGBoost
03/01/2021,actual,1467.73,,,,XGBoost
04/01/2021,actual,1481.02,,,,XGBoost
05/01/2021,actual,1631.07,,,,XGBoost
06/01/2021,actual,1673.39,,,,XGBoost
07/01/2021,actual,1755.88,,,,XGBoost
08/01/2021,actual,1992.24,,,,XGBoost
09/01/2021,actual,2073.77,,,,XGBoost
10/01/2021,actual,1945.22,,,,XGBoost
11/01/2021,actual,2056.71,,,,XGBoost
12/01/2021,actual,2014.61,,,,XGBoost
01/01/2022,actual,1965.82,,,,XGBoost
02/01/2022,actual,2191.12,,,,XGBoost
03/01/2022,actual,2497.32,,,,XGBoost
04/01/2022,actual,2507.25,,,,XGBoost
05/01/2022,actual,2929.20,,,,XGBoost
06/01/2022,actual,2563.29,,,,XGBoost
07/01/2022,actual,3194.04,,,,XGBoost
08/01/2022,actual,3190.03,,,,XGBoost
09/01/2022,actual,3176.32,,,,XGBoost
10/01/2022,actual,3246.44,,,,XGBoost
11/01/2022,actual,2900.49,,,,XGBoost
12/01/2022,actual,3232.68,,,,XGBoost
01/01/2023,actual,3437.77,,,,XGBoost
02/01/2023,actual,3840.43,,,,XGBoost
03/01/2023,actual,3723.99,,,,XGBoost
04/01/2023,actual,3989.70,,,,XGBoost
05/01/2023,actual,4400.79,,,,XGBoost
06/01/2023,actual,5042.40,,,,XGBoost
07/01/2023,actual,5170.90,,,,XGBoost
08/01/2023,actual,5128.87,,,,XGBoost
09/01/2023,actual,5466.17,,,,XGBoost
10/01/2023,actual,5375.35,,,,XGBoost
11/01/2023,actual,5625.88,,,,XGBoost
12/01/2023,actual,5210.82,,,,XGBoost
01/01/2024,actual,5482.88,,,,XGBoost
02/01/2024,actual,5765.50,,,,XGBoost
03/01/2024,actual,5852.52,,,,XGBoost
04/01/2024,actual,6984.40,,,,XGBoost
05/01/2024,actual,7558.51,,,,XGBoost
06/01/2024,actual,8006.13,,,,XGBoost
07/01/2024,actual,8339.66,,,,XGBoost
08/01/2024,actual,8129.45,,,,XGBoost
09/01/2024,actual,8651.83,,,,XGBoost
10/01/2024,actual,8703.25,,,,XGBoost
11/01/2024,actual,8494.98,,,,XGBoost
12/01/2024,actual,8886.02,,,,XGBoost
01/01/2025,actual,9443.45,,,,XGBoost
02/01/2025,actual,10737.05,,,,XGBoost
03/01/2025,actual,10582.59,,,,XGBoost
04/01/2025,actual,11539.51,,,,XGBoost
05/01/2025,actual,12312.52,,,,XGBoost
06/01/2025,actual,12060.83,,,,XGBoost
07/01/2025,actual,13939.32,,,,XGBoost
08/01/2025,actual,14451.25,,,,XGBoost
09/01/2025,test,16348.29,15190.0,,,XGBoost
10/01/2025,test,14516.94,15920.0,,,XGBoost
11/01/2025,test,14905.68,15320.8,,,XGBoost
12/01/2025,test,14810.19,15077.6,,,XGBoost
01/01/2026,test,14324.59,15099.9,,,XGBoost
02/01/2026,test,17128.88,15867.8,,,XGBoost
03/01/2026,test,18039.70,17358.6,,,XGBoost
04/01/2026,test,19604.72,19616.3,,,XGBoost
05/01/2026,test,19560.20,19938.5,,,XGBoost
06/01/2026,test,23371.14,21246.8,,,XGBoost
07/01/2026,test,21603.16,23825.4,,,XGBoost
08/01/2026,test,24508.96,22466.9,,,XGBoost
09/01/2026,future,,24746.7,21575.8,27917.5,XGBoost
10/01/2026,future,,24242.7,21136.4,27348.9,XGBoost
11/01/2026,future,,25497.2,22230.2,28764.2,XGBoost
12/01/2026,future,,24041.8,20961.3,27122.3,XGBoost
01/01/2027,future,,26244.4,22881.6,29607.1,XGBoost
02/01/2027,future,,28097.5,24497.3,31697.6,XGBoost
