bank_name,bank_type
AIRTEL PAYMENTS BANK,Payments bank
ANDHRA PRADESH GRAMEENA BANK,Regional rural bank
ANDHRA PRAGATHI GRAMEENA BANK,Regional rural bank
AU SMALL FINANCE BANK,Small finance bank
AXIS BANK,Private
BANDHAN BANK,Private
BANK OF BARODA,Public
BANK OF INDIA,Public
BANK OF MAHARASHTRA,Public
BARODA U.P. BANK,Regional rural bank
CANARA BANK,Public
CENTRAL BANK OF INDIA,Public
CHAITANYA GODAVARI GRAMEENA BANK,Regional rural bank
CITY UNION BANK,Private
DBS BANK INDIA,Foreign
EQUITAS SMALL FINANCE BANK,Small finance bank
ESAF SMALL FINANCE BANK,Small finance bank
FEDERAL BANK,Private
FINO PAYMENTS BANK,Payments bank
HDFC BANK,Private
HDFC BANK CREDIT CARD HCB,Card issuer / non-bank
ICICI BANK,Private
ICICI BANK CREDIT CARD,Card issuer / non-bank
IDBI BANK,Private
IDFC BANK,Private
INDIA POST PAYMENTS BANK,Payments bank
INDIAN BANK,Public
INDIAN OVERSEAS BANK,Public
INDUSIND BANK,Private
JIO PAYMENTS BANK,Payments bank
KARNATAKA BANK,Private
KARNATAKA GRAMIN BANK,Regional rural bank
KARUR VYSYA BANK,Private
KERALA GRAMIN BANK,Regional rural bank
KOTAK MAHINDRA BANK,Private
MAHARASHTRA GRAMIN BANK,Regional rural bank
NSDL PAYMENTS BANK,Payments bank
ONE MOBIKWIK SYSTEMS,Card issuer / non-bank
PUNJAB AND SIND BANK,Public
PUNJAB NATIONAL BANK,Public
RAJASTHAN GRAMIN BANK,Regional rural bank
RAJASTHAN MARUDHARA GRAMIN BANK,Regional rural bank
RBL BANK,Private
SARASWAT CO-OPERATIVE BANK,Cooperative
SARVA HARYANA GRAMIN BANK,Regional rural bank
SBI CARDS AND PAYMENT SERVICES,Card issuer / non-bank
SLICE SMALL FINANCE BANK,Small finance bank
STANDARD CHARTERED BANK,Foreign
STATE BANK OF INDIA,Public
TAMILNAD MERCANTILE BANK,Private
TELANGANA GRAMEENA BANK,Regional rural bank
THE JAMMU & KASHMIR BANK,Private
THE SOUTH INDIAN BANK,Private
TRI O TECH SOLUTIONS PRIVATE,Card issuer / non-bank
UCO BANK,Public
UJJIVAN SMALL FINANCE BANK,Small finance bank
UNION BANK OF INDIA,Public
UTTAR PRADESH GRAMIN BANK,Regional rural bank
YES BANK,Private
