date,bank_name,transaction_count,transaction_value_crores,success_rate_percent
2024-06-01,HDFC Bank,97,43764.37,99.01
2024-06-01,ICICI Bank,64,147366.70,99.62
2024-06-01,Axis Bank,112,137718.09,99.15
2024-06-01,SBI,88,81757.41,98.53
2024-06-01,Kotak Mahindra,51,111431.04,98.53
2024-06-01,YES Bank,109,137279.19,99.25
2024-06-01,IDBI Bank,37,130161.82,99.68
2024-06-01,Indian Bank,48,145716.97,99.24
2024-06-01,Bank of Baroda,95,114708.27,99.05
2024-06-01,PNB,69,134148.44,99.72
2024-06-01,Canara Bank,74,81189.00,99.10
2024-06-01,Union Bank,94,77246.40,99.70
2024-06-01,Central Bank,98,122355.64,99.27
2024-06-01,Punjab Bank,87,142879.31,99.26
2024-06-02,HDFC Bank,43,84728.67,98.81
2024-06-02,ICICI Bank,61,147355.11,99.63
2024-06-02,Axis Bank,49,139300.83,98.92
2024-06-02,SBI,57,105550.10,98.61
2024-06-02,Kotak Mahindra,60,113858.80,98.78
2024-06-02,YES Bank,108,110133.08,99.90
2024-06-02,IDBI Bank,67,135078.28,99.32
2024-06-02,Indian Bank,49,73037.11,99.46
2024-06-02,Bank of Baroda,68,106123.15,99.25
2024-06-02,PNB,53,138775.70,99.59
2024-06-02,Canara Bank,51,116434.58,99.27
2024-06-02,Union Bank,108,118576.01,99.09
2024-06-02,Central Bank,36,88453.43,98.53
2024-06-02,Punjab Bank,39,44171.69,99.17
2024-06-03,HDFC Bank,88,193694.80,98.86
2024-06-03,ICICI Bank,109,52651.83,98.81
2024-06-03,Axis Bank,115,80932.61,98.74
2024-06-03,SBI,72,191866.94,98.84
2024-06-03,Kotak Mahindra,130,69041.26,99.09
2024-06-03,YES Bank,85,185731.79,99.56
2024-06-03,IDBI Bank,79,141629.29,99.30
2024-06-03,Indian Bank,71,67420.82,98.66
2024-06-03,Bank of Baroda,67,167169.51,98.75
2024-06-03,PNB,148,108055.65,99.24
2024-06-03,Canara Bank,63,179280.26,98.83
2024-06-03,Union Bank,54,114442.77,99.76
2024-06-03,Central Bank,66,79682.14,99.63
2024-06-03,Punjab Bank,142,145201.44,99.50
2024-06-04,HDFC Bank,149,88526.19,98.60
2024-06-04,ICICI Bank,75,116962.49,99.78
2024-06-04,Axis Bank,105,195276.08,98.71
2024-06-04,SBI,71,52083.93,98.89
2024-06-04,Kotak Mahindra,114,173660.26,98.58
2024-06-04,YES Bank,55,129074.39,98.57
2024-06-04,IDBI Bank,94,181666.44,99.95
2024-06-04,Indian Bank,41,117772.47,98.77
2024-06-04,Bank of Baroda,72,169502.00,98.92
2024-06-04,PNB,147,121089.50,98.66
2024-06-04,Canara Bank,111,139672.56,99.54
2024-06-04,Union Bank,44,55787.06,99.53
2024-06-04,Central Bank,76,160206.22,98.69
2024-06-04,Punjab Bank,43,164118.50,99.85
2024-06-05,HDFC Bank,139,73597.22,98.91
2024-06-05,ICICI Bank,102,185604.07,98.67
2024-06-05,Axis Bank,83,138029.87,99.80
2024-06-05,SBI,86,152467.01,99.49
2024-06-05,Kotak Mahindra,103,82694.04,99.63
2024-06-05,YES Bank,97,180766.23,98.52
2024-06-05,IDBI Bank,106,140933.99,99.49
2024-06-05,Indian Bank,139,102584.08,99.67
2024-06-05,Bank of Baroda,105,117155.18,99.18
2024-06-05,PNB,49,141349.86,98.76
2024-06-05,Canara Bank,108,154170.42,99.14
2024-06-05,Union Bank,128,190572.71,98.81
2024-06-05,Central Bank,123,64887.56,99.28
2024-06-05,Punjab Bank,88,175116.36,99.07
2024-06-06,HDFC Bank,93,64560.84,98.64
2024-06-06,ICICI Bank,40,84133.12,98.55
2024-06-06,Axis Bank,64,67040.18,99.91
2024-06-06,SBI,143,61623.90,98.51
2024-06-06,Kotak Mahindra,70,159848.04,99.81
2024-06-06,YES Bank,94,85343.82,99.68
2024-06-06,IDBI Bank,96,153116.39,99.34
2024-06-06,Indian Bank,94,130223.21,98.84
2024-06-06,Bank of Baroda,145,180852.69,99.05
2024-06-06,PNB,130,120778.33,99.02
2024-06-06,Canara Bank,125,80247.25,99.61
2024-06-06,Union Bank,64,103647.84,99.39
2024-06-06,Central Bank,59,148274.23,99.39
2024-06-06,Punjab Bank,102,178015.60,99.69
2024-06-07,HDFC Bank,87,99184.98,99.73
2024-06-07,ICICI Bank,94,132817.16,98.55
2024-06-07,Axis Bank,76,119256.97,99.82
2024-06-07,SBI,71,110099.71,98.95
2024-06-07,Kotak Mahindra,85,197599.93,98.93
2024-06-07,YES Bank,150,85952.95,98.85
2024-06-07,IDBI Bank,82,74078.02,98.82
2024-06-07,Indian Bank,86,180779.18,99.65
2024-06-07,Bank of Baroda,59,154442.87,98.52
2024-06-07,PNB,122,182407.94,98.78
2024-06-07,Canara Bank,43,63803.35,99.57
2024-06-07,Union Bank,93,91150.78,99.56
2024-06-07,Central Bank,100,112778.82,99.38
2024-06-07,Punjab Bank,76,100462.19,98.81
2024-06-08,HDFC Bank,78,97057.34,98.85
2024-06-08,ICICI Bank,86,123714.31,98.84
2024-06-08,Axis Bank,42,56936.93,99.33
2024-06-08,SBI,94,74011.56,99.85
2024-06-08,Kotak Mahindra,80,128075.85,99.44
2024-06-08,YES Bank,73,121675.13,99.38
2024-06-08,IDBI Bank,36,73729.70,99.27
2024-06-08,Indian Bank,39,116006.01,98.71
2024-06-08,Bank of Baroda,43,91690.49,99.37
2024-06-08,PNB,61,50687.72,99.18
2024-06-08,Canara Bank,38,137608.58,99.09
2024-06-08,Union Bank,54,147729.20,99.10
2024-06-08,Central Bank,89,82729.46,99.64
2024-06-08,Punjab Bank,102,106097.42,98.71
2024-06-09,HDFC Bank,70,98018.55,98.94
2024-06-09,ICICI Bank,83,147451.58,99.52
2024-06-09,Axis Bank,63,55422.74,99.07
2024-06-09,SBI,42,79338.97,98.71
2024-06-09,Kotak Mahindra,79,143258.37,99.84
2024-06-09,YES Bank,44,85987.54,99.34
2024-06-09,IDBI Bank,71,117531.28,98.52
2024-06-09,Indian Bank,45,105351.65,99.19
2024-06-09,Bank of Baroda,67,122910.27,99.07
2024-06-09,PNB,34,71453.82,99.03
2024-06-09,Canara Bank,61,44747.68,99.44
2024-06-09,Union Bank,30,46915.05,99.18
2024-06-09,Central Bank,71,40934.63,99.67
2024-06-09,Punjab Bank,79,40005.37,98.64
2024-06-10,HDFC Bank,134,187338.32,99.17
2024-06-10,ICICI Bank,57,97344.46,98.53
2024-06-10,Axis Bank,69,163633.28,99.17
2024-06-10,SBI,121,97603.91,98.79
2024-06-10,Kotak Mahindra,53,70843.00,98.56
2024-06-10,YES Bank,146,76710.14,99.40
2024-06-10,IDBI Bank,90,79042.84,99.65
2024-06-10,Indian Bank,117,79214.84,98.90
2024-06-10,Bank of Baroda,58,139097.10,99.94
2024-06-10,PNB,103,104709.87,99.63
2024-06-10,Canara Bank,135,190742.28,98.61
2024-06-10,Union Bank,142,80128.90,98.80
2024-06-10,Central Bank,60,147663.15,98.53
2024-06-10,Punjab Bank,43,87719.37,99.11
2024-06-11,HDFC Bank,102,95929.81,99.18
2024-06-11,ICICI Bank,125,78427.85,98.99
2024-06-11,Axis Bank,149,66343.10,99.59
2024-06-11,SBI,110,134586.89,99.76
2024-06-11,Kotak Mahindra,103,151816.96,99.02
2024-06-11,YES Bank,141,125257.21,99.38
2024-06-11,IDBI Bank,143,127124.59,99.75
2024-06-11,Indian Bank,88,92740.76,99.08
2024-06-11,Bank of Baroda,116,52729.79,98.79
2024-06-11,PNB,81,129567.38,99.40
2024-06-11,Canara Bank,64,119562.83,98.57
2024-06-11,Union Bank,114,81710.31,99.72
2024-06-11,Central Bank,53,58130.23,98.52
2024-06-11,Punjab Bank,87,168714.89,98.63
2024-06-12,HDFC Bank,92,75793.12,99.06
2024-06-12,ICICI Bank,84,120893.57,98.54
2024-06-12,Axis Bank,146,88279.29,98.78
2024-06-12,SBI,43,131520.37,99.01
2024-06-12,Kotak Mahindra,135,87189.04,99.75
2024-06-12,YES Bank,121,129164.54,99.67
2024-06-12,IDBI Bank,82,69482.26,99.27
2024-06-12,Indian Bank,111,114627.31,99.17
2024-06-12,Bank of Baroda,46,130856.14,99.08
2024-06-12,PNB,103,107241.13,99.51
2024-06-12,Canara Bank,58,53607.30,99.20
2024-06-12,Union Bank,54,162129.53,99.72
2024-06-12,Central Bank,103,54716.98,98.73
2024-06-12,Punjab Bank,92,92212.38,99.03
2024-06-13,HDFC Bank,91,135172.20,99.78
2024-06-13,ICICI Bank,69,108110.83,99.42
2024-06-13,Axis Bank,45,194048.90,99.59
2024-06-13,SBI,84,52408.80,98.60
2024-06-13,Kotak Mahindra,101,142627.91,99.69
2024-06-13,YES Bank,122,152372.14,99.93
2024-06-13,IDBI Bank,55,120444.39,99.06
2024-06-13,Indian Bank,52,133824.23,99.75
2024-06-13,Bank of Baroda,73,138237.68,99.05
2024-06-13,PNB,117,171768.10,99.68
2024-06-13,Canara Bank,71,132851.80,99.84
2024-06-13,Union Bank,104,141946.30,98.84
2024-06-13,Central Bank,82,101762.57,98.75
2024-06-13,Punjab Bank,145,82071.12,99.44
2024-06-14,HDFC Bank,124,158036.97,99.28
2024-06-14,ICICI Bank,139,107256.56,99.95
2024-06-14,Axis Bank,108,130381.40,99.86
2024-06-14,SBI,133,170112.95,98.64
2024-06-14,Kotak Mahindra,96,119355.10,99.26
2024-06-14,YES Bank,52,151129.26,99.10
2024-06-14,IDBI Bank,71,168403.62,99.26
2024-06-14,Indian Bank,146,87080.47,98.59
2024-06-14,Bank of Baroda,80,171952.78,99.12
2024-06-14,PNB,80,134274.95,99.92
2024-06-14,Canara Bank,85,161083.45,99.05
2024-06-14,Union Bank,135,108500.19,98.96
2024-06-14,Central Bank,88,144744.16,98.95
2024-06-14,Punjab Bank,53,175890.02,99.23
2024-06-15,HDFC Bank,55,79867.56,98.69
2024-06-15,ICICI Bank,63,147149.14,99.38
2024-06-15,Axis Bank,62,132005.15,99.81
2024-06-15,SBI,99,111463.07,98.57
2024-06-15,Kotak Mahindra,112,115479.65,98.70
2024-06-15,YES Bank,56,127255.84,99.63
2024-06-15,IDBI Bank,62,78365.85,98.95
2024-06-15,Indian Bank,47,123962.11,99.24
2024-06-15,Bank of Baroda,93,124378.91,98.65
2024-06-15,PNB,86,77815.18,99.65
2024-06-15,Canara Bank,75,131455.67,99.73
2024-06-15,Union Bank,106,42418.46,98.53
2024-06-15,Central Bank,40,123144.58,99.60
2024-06-15,Punjab Bank,31,85568.24,99.20
2024-06-16,HDFC Bank,64,42557.79,98.84
2024-06-16,ICICI Bank,104,86671.38,99.76
2024-06-16,Axis Bank,31,110903.29,99.06
2024-06-16,SBI,55,65893.94,99.95
2024-06-16,Kotak Mahindra,112,85292.57,99.82
2024-06-16,YES Bank,50,127873.54,99.45
2024-06-16,IDBI Bank,62,128619.80,98.50
2024-06-16,Indian Bank,46,131006.56,99.31
2024-06-16,Bank of Baroda,76,99318.09,99.32
2024-06-16,PNB,66,123994.28,99.58
2024-06-16,Canara Bank,90,84571.40,99.76
2024-06-16,Union Bank,52,77177.93,98.83
2024-06-16,Central Bank,53,119173.13,98.71
2024-06-16,Punjab Bank,39,105945.17,98.81
2024-06-17,HDFC Bank,122,130884.21,98.63
2024-06-17,ICICI Bank,136,74906.68,99.40
2024-06-17,Axis Bank,91,177407.89,98.81
2024-06-17,SBI,122,120820.36,99.07
2024-06-17,Kotak Mahindra,101,189268.76,98.75
2024-06-17,YES Bank,150,80858.58,99.23
2024-06-17,IDBI Bank,88,166082.79,98.99
2024-06-17,Indian Bank,86,182421.39,99.46
2024-06-17,Bank of Baroda,91,153851.38,99.22
2024-06-17,PNB,100,68687.68,99.49
2024-06-17,Canara Bank,72,64404.18,99.75
2024-06-17,Union Bank,82,137769.41,99.94
2024-06-17,Central Bank,62,159876.75,99.57
2024-06-17,Punjab Bank,81,91496.59,98.91
2024-06-18,HDFC Bank,40,108123.34,99.61
2024-06-18,ICICI Bank,95,168686.17,98.68
2024-06-18,Axis Bank,51,125955.73,98.72
2024-06-18,SBI,142,55342.75,99.12
2024-06-18,Kotak Mahindra,65,51999.25,99.03
2024-06-18,YES Bank,43,109359.17,99.64
2024-06-18,IDBI Bank,108,84510.06,99.57
2024-06-18,Indian Bank,86,73551.42,99.60
2024-06-18,Bank of Baroda,126,144242.49,98.86
2024-06-18,PNB,70,83539.85,99.88
2024-06-18,Canara Bank,81,139188.23,99.47
2024-06-18,Union Bank,94,116498.88,99.08
2024-06-18,Central Bank,100,159233.31,99.85
2024-06-18,Punjab Bank,99,161958.04,99.41
2024-06-19,HDFC Bank,63,165832.50,99.55
2024-06-19,ICICI Bank,41,120496.19,98.65
2024-06-19,Axis Bank,69,172297.23,98.81
2024-06-19,SBI,109,101157.88,98.61
2024-06-19,Kotak Mahindra,43,50022.90,99.62
2024-06-19,YES Bank,73,101962.53,99.74
2024-06-19,IDBI Bank,149,189068.29,98.50
2024-06-19,Indian Bank,105,67659.68,99.21
2024-06-19,Bank of Baroda,115,197593.34,98.60
2024-06-19,PNB,147,136073.42,99.50
2024-06-19,Canara Bank,123,151838.44,99.43
2024-06-19,Union Bank,107,131366.31,99.14
2024-06-19,Central Bank,91,104385.60,99.54
2024-06-19,Punjab Bank,144,181137.16,99.60
2024-06-20,HDFC Bank,102,89585.09,98.56
2024-06-20,ICICI Bank,42,79566.11,99.68
2024-06-20,Axis Bank,55,137471.94,98.87
2024-06-20,SBI,146,163126.11,99.00
2024-06-20,Kotak Mahindra,88,155974.76,98.51
2024-06-20,YES Bank,65,137860.22,98.71
2024-06-20,IDBI Bank,43,155146.68,99.59
2024-06-20,Indian Bank,80,67322.23,99.51
2024-06-20,Bank of Baroda,128,137440.03,99.02
2024-06-20,PNB,78,70371.39,99.32
2024-06-20,Canara Bank,41,100021.81,99.12
2024-06-20,Union Bank,122,160723.89,99.46
2024-06-20,Central Bank,87,110880.32,98.62
2024-06-20,Punjab Bank,144,57215.21,99.63
2024-06-21,HDFC Bank,118,66790.05,99.92
2024-06-21,ICICI Bank,73,175742.47,99.42
2024-06-21,Axis Bank,76,116109.54,99.02
2024-06-21,SBI,63,140052.91,98.88
2024-06-21,Kotak Mahindra,133,130303.24,99.81
2024-06-21,YES Bank,109,158246.50,99.88
2024-06-21,IDBI Bank,82,85218.75,99.40
2024-06-21,Indian Bank,56,70763.74,99.41
2024-06-21,Bank of Baroda,58,162339.94,99.39
2024-06-21,PNB,107,122268.49,99.31
2024-06-21,Canara Bank,76,176103.02,98.93
2024-06-21,Union Bank,62,52689.92,99.51
2024-06-21,Central Bank,126,75727.10,99.34
2024-06-21,Punjab Bank,64,136444.93,98.51
2024-06-22,HDFC Bank,99,65826.68,99.38
2024-06-22,ICICI Bank,108,48834.45,99.87
2024-06-22,Axis Bank,95,90613.44,99.91
2024-06-22,SBI,94,120683.49,99.77
2024-06-22,Kotak Mahindra,36,90018.73,99.27
2024-06-22,YES Bank,75,123358.70,99.04
2024-06-22,IDBI Bank,62,117472.62,99.92
2024-06-22,Indian Bank,111,131157.18,99.27
2024-06-22,Bank of Baroda,86,130085.67,99.10
2024-06-22,PNB,51,77566.90,99.55
2024-06-22,Canara Bank,87,138389.98,99.81
2024-06-22,Union Bank,89,114321.49,99.24
2024-06-22,Central Bank,38,73685.27,98.82
2024-06-22,Punjab Bank,90,94522.96,99.92
2024-06-23,HDFC Bank,92,68330.74,98.64
2024-06-23,ICICI Bank,30,52063.18,99.81
2024-06-23,Axis Bank,83,74361.81,99.45
2024-06-23,SBI,68,114738.13,98.95
2024-06-23,Kotak Mahindra,70,110379.18,99.31
2024-06-23,YES Bank,111,119258.24,98.64
2024-06-23,IDBI Bank,98,105050.71,99.12
2024-06-23,Indian Bank,81,100367.82,98.71
2024-06-23,Bank of Baroda,46,66738.14,99.42
2024-06-23,PNB,104,116840.73,99.12
2024-06-23,Canara Bank,109,140955.72,99.71
2024-06-23,Union Bank,82,78172.57,99.42
2024-06-23,Central Bank,81,55537.99,98.93
2024-06-23,Punjab Bank,44,117521.61,99.33
2024-06-24,HDFC Bank,121,57462.94,99.04
2024-06-24,ICICI Bank,126,89038.56,99.81
2024-06-24,Axis Bank,109,90848.54,99.19
2024-06-24,SBI,123,142074.17,98.92
2024-06-24,Kotak Mahindra,141,59626.90,99.47
2024-06-24,YES Bank,77,140351.32,98.59
2024-06-24,IDBI Bank,40,116857.70,98.58
2024-06-24,Indian Bank,95,180177.38,99.27
2024-06-24,Bank of Baroda,131,134953.33,98.84
2024-06-24,PNB,46,114841.57,98.93
2024-06-24,Canara Bank,122,129189.61,99.17
2024-06-24,Union Bank,40,127426.13,99.63
2024-06-24,Central Bank,49,190274.69,99.55
2024-06-24,Punjab Bank,66,89527.12,98.95
2024-06-25,HDFC Bank,98,169809.01,98.91
2024-06-25,ICICI Bank,48,62217.12,98.75
2024-06-25,Axis Bank,54,140638.52,98.97
2024-06-25,SBI,95,107223.02,99.43
2024-06-25,Kotak Mahindra,54,141330.06,98.52
2024-06-25,YES Bank,56,175316.72,99.12
2024-06-25,IDBI Bank,118,178461.63,98.63
2024-06-25,Indian Bank,129,88643.28,99.78
2024-06-25,Bank of Baroda,60,146741.07,99.76
2024-06-25,PNB,133,62083.01,99.35
2024-06-25,Canara Bank,53,117084.25,99.59
2024-06-25,Union Bank,93,170660.85,98.68
2024-06-25,Central Bank,72,86255.22,98.80
2024-06-25,Punjab Bank,143,189314.31,99.31
2024-06-26,HDFC Bank,64,169143.37,99.11
2024-06-26,ICICI Bank,143,63834.41,99.44
2024-06-26,Axis Bank,150,97738.28,98.56
2024-06-26,SBI,142,135154.09,99.63
2024-06-26,Kotak Mahindra,61,84941.68,99.42
2024-06-26,YES Bank,93,74328.78,99.44
2024-06-26,IDBI Bank,40,58110.33,99.87
2024-06-26,Indian Bank,67,88523.34,98.75
2024-06-26,Bank of Baroda,137,191850.51,99.41
2024-06-26,PNB,95,162781.29,99.16
2024-06-26,Canara Bank,43,66764.58,98.58
2024-06-26,Union Bank,124,85089.39,99.41
2024-06-26,Central Bank,56,101725.18,99.05
2024-06-26,Punjab Bank,49,156028.39,99.88
2024-06-27,HDFC Bank,86,181140.51,98.81
2024-06-27,ICICI Bank,59,193090.04,98.71
2024-06-27,Axis Bank,73,199529.54,99.32
2024-06-27,SBI,146,174772.89,99.60
2024-06-27,Kotak Mahindra,149,60125.31,98.76
2024-06-27,YES Bank,124,87962.75,98.84
2024-06-27,IDBI Bank,53,186931.76,99.88
2024-06-27,Indian Bank,73,101129.86,98.56
2024-06-27,Bank of Baroda,71,186561.69,99.69
2024-06-27,PNB,102,86017.24,98.75
2024-06-27,Canara Bank,137,179398.11,98.52
2024-06-27,Union Bank,129,77419.29,99.63
2024-06-27,Central Bank,82,75675.07,99.45
2024-06-27,Punjab Bank,120,193086.77,99.71
2024-06-28,HDFC Bank,139,177202.16,98.58
2024-06-28,ICICI Bank,85,80765.69,99.51
2024-06-28,Axis Bank,125,81522.35,99.41
2024-06-28,SBI,148,140382.83,99.01
2024-06-28,Kotak Mahindra,105,134537.94,98.66
2024-06-28,YES Bank,70,180700.94,99.61
2024-06-28,IDBI Bank,50,111758.39,99.19
2024-06-28,Indian Bank,83,86206.29,99.38
2024-06-28,Bank of Baroda,148,140187.16,99.08
2024-06-28,PNB,101,85851.54,99.56
2024-06-28,Canara Bank,57,80019.71,99.60
2024-06-28,Union Bank,125,84527.70,99.91
2024-06-28,Central Bank,94,167450.31,98.69
2024-06-28,Punjab Bank,69,103985.52,98.70
2024-06-29,HDFC Bank,64,52385.63,99.48
2024-06-29,ICICI Bank,41,142536.75,98.88
2024-06-29,Axis Bank,93,137523.42,99.74
2024-06-29,SBI,101,58319.37,98.90
2024-06-29,Kotak Mahindra,110,38224.95,98.77
2024-06-29,YES Bank,105,109110.95,98.85
2024-06-29,IDBI Bank,50,148821.23,98.67
2024-06-29,Indian Bank,61,38054.85,99.31
2024-06-29,Bank of Baroda,67,69418.22,98.66
2024-06-29,PNB,74,85494.59,99.59
2024-06-29,Canara Bank,76,108803.93,99.30
2024-06-29,Union Bank,46,137367.46,99.38
2024-06-29,Central Bank,76,68814.88,99.93
2024-06-29,Punjab Bank,56,47894.31,99.32
2024-06-30,HDFC Bank,108,69201.12,99.95
2024-06-30,ICICI Bank,77,143704.33,99.71
2024-06-30,Axis Bank,71,66503.55,98.58
2024-06-30,SBI,59,148600.60,99.69
2024-06-30,Kotak Mahindra,107,87659.26,99.46
2024-06-30,YES Bank,104,115547.23,98.90
2024-06-30,IDBI Bank,111,105038.77,98.88
2024-06-30,Indian Bank,62,75138.33,99.52
2024-06-30,Bank of Baroda,64,38271.45,99.72
2024-06-30,PNB,34,55671.97,99.52
2024-06-30,Canara Bank,63,98822.89,98.95
2024-06-30,Union Bank,75,103556.87,99.09
2024-06-30,Central Bank,65,121098.52,98.61
2024-06-30,Punjab Bank,106,81531.82,98.57
2024-07-01,HDFC Bank,142,107701.05,99.46
2024-07-01,ICICI Bank,127,160851.30,99.39
2024-07-01,Axis Bank,81,99089.00,98.75
2024-07-01,SBI,93,130482.45,99.69
2024-07-01,Kotak Mahindra,73,171086.85,99.64
2024-07-01,YES Bank,48,106991.83,99.14
2024-07-01,IDBI Bank,70,182101.77,99.81
2024-07-01,Indian Bank,122,180134.04,98.71
2024-07-01,Bank of Baroda,139,181156.80,98.94
2024-07-01,PNB,70,173651.20,98.66
2024-07-01,Canara Bank,132,65166.76,98.53
2024-07-01,Union Bank,136,176865.69,99.85
2024-07-01,Central Bank,76,117446.01,99.58
2024-07-01,Punjab Bank,89,101376.65,99.38
2024-07-02,HDFC Bank,82,89518.17,98.84
2024-07-02,ICICI Bank,59,177203.53,99.16
2024-07-02,Axis Bank,61,108640.51,99.04
2024-07-02,SBI,132,133911.86,99.07
2024-07-02,Kotak Mahindra,83,98812.04,99.47
2024-07-02,YES Bank,79,194677.89,99.77
2024-07-02,IDBI Bank,51,174628.11,99.41
2024-07-02,Indian Bank,131,96877.00,99.33
2024-07-02,Bank of Baroda,43,79212.56,99.66
2024-07-02,PNB,59,158644.86,99.94
2024-07-02,Canara Bank,111,117094.23,99.56
2024-07-02,Union Bank,101,159600.58,99.49
2024-07-02,Central Bank,112,150873.61,99.54
2024-07-02,Punjab Bank,149,194435.56,98.57
2024-07-03,HDFC Bank,103,131130.87,98.67
2024-07-03,ICICI Bank,147,182166.57,99.56
2024-07-03,Axis Bank,139,141578.02,99.74
2024-07-03,SBI,71,52379.31,99.68
2024-07-03,Kotak Mahindra,57,54839.37,99.07
2024-07-03,YES Bank,115,160006.11,99.89
2024-07-03,IDBI Bank,105,169656.24,99.72
2024-07-03,Indian Bank,78,103299.97,99.90
2024-07-03,Bank of Baroda,106,165235.73,98.75
2024-07-03,PNB,40,174958.68,99.84
2024-07-03,Canara Bank,85,130979.40,98.69
2024-07-03,Union Bank,67,57503.72,98.56
2024-07-03,Central Bank,56,196521.70,99.92
2024-07-03,Punjab Bank,127,181800.99,98.59
2024-07-04,HDFC Bank,89,113577.18,98.77
2024-07-04,ICICI Bank,145,140972.82,99.71
2024-07-04,Axis Bank,72,90480.82,98.92
2024-07-04,SBI,149,149935.86,98.92
2024-07-04,Kotak Mahindra,66,156949.88,98.91
2024-07-04,YES Bank,59,190802.15,99.07
2024-07-04,IDBI Bank,90,153848.45,99.22
2024-07-04,Indian Bank,103,137556.76,99.35
2024-07-04,Bank of Baroda,102,55657.79,99.62
2024-07-04,PNB,56,94742.70,99.25
2024-07-04,Canara Bank,128,187162.54,98.62
2024-07-04,Union Bank,67,149600.70,99.00
2024-07-04,Central Bank,94,65843.84,99.24
2024-07-04,Punjab Bank,54,159315.41,99.22
2024-07-05,HDFC Bank,54,51479.55,99.08
2024-07-05,ICICI Bank,57,53268.21,99.07
2024-07-05,Axis Bank,45,56450.80,99.08
2024-07-05,SBI,56,81470.71,99.50
2024-07-05,Kotak Mahindra,119,85089.87,99.36
2024-07-05,YES Bank,49,98593.59,99.16
2024-07-05,IDBI Bank,82,118766.12,99.84
2024-07-05,Indian Bank,108,180286.53,99.42
2024-07-05,Bank of Baroda,51,57803.41,98.97
2024-07-05,PNB,148,137479.52,99.50
2024-07-05,Canara Bank,64,81126.58,98.77
2024-07-05,Union Bank,126,189524.17,99.61
2024-07-05,Central Bank,73,197105.99,99.59
2024-07-05,Punjab Bank,135,194101.28,98.54
2024-07-06,HDFC Bank,100,62803.53,99.03
2024-07-06,ICICI Bank,92,41435.33,98.92
2024-07-06,Axis Bank,83,68392.95,98.60
2024-07-06,SBI,62,40384.28,99.84
2024-07-06,Kotak Mahindra,91,117202.72,99.56
2024-07-06,YES Bank,66,147808.62,99.27
2024-07-06,IDBI Bank,58,85886.43,98.98
2024-07-06,Indian Bank,50,39802.91,99.19
2024-07-06,Bank of Baroda,69,42114.69,99.76
2024-07-06,PNB,46,95367.56,98.65
2024-07-06,Canara Bank,110,61607.68,99.48
2024-07-06,Union Bank,44,137799.05,99.18
2024-07-06,Central Bank,45,44645.27,99.52
2024-07-06,Punjab Bank,68,86918.96,98.79
2024-07-07,HDFC Bank,61,121204.55,98.72
2024-07-07,ICICI Bank,61,45546.07,99.45
2024-07-07,Axis Bank,96,118475.15,99.62
2024-07-07,SBI,87,114770.97,98.64
2024-07-07,Kotak Mahindra,88,81520.38,99.05
2024-07-07,YES Bank,74,60210.46,99.50
2024-07-07,IDBI Bank,41,72025.58,99.84
2024-07-07,Indian Bank,38,81730.26,98.87
2024-07-07,Bank of Baroda,46,76103.10,98.58
2024-07-07,PNB,40,40855.82,98.55
2024-07-07,Canara Bank,62,91107.18,99.21
2024-07-07,Union Bank,101,104815.79,99.27
2024-07-07,Central Bank,86,107030.44,99.69
2024-07-07,Punjab Bank,110,106313.67,99.85
2024-07-08,HDFC Bank,60,133157.67,99.46
2024-07-08,ICICI Bank,58,94527.49,98.79
2024-07-08,Axis Bank,112,163761.27,98.82
2024-07-08,SBI,105,104401.60,99.39
2024-07-08,Kotak Mahindra,72,73141.13,99.15
2024-07-08,YES Bank,109,128579.41,98.51
2024-07-08,IDBI Bank,103,172127.35,99.27
2024-07-08,Indian Bank,87,68096.16,99.36
2024-07-08,Bank of Baroda,90,166226.61,99.02
2024-07-08,PNB,98,56494.45,98.73
2024-07-08,Canara Bank,92,143535.31,99.37
2024-07-08,Union Bank,46,87660.98,98.67
2024-07-08,Central Bank,67,137039.40,99.02
2024-07-08,Punjab Bank,55,185527.67,98.65
2024-07-09,HDFC Bank,70,177324.23,99.50
2024-07-09,ICICI Bank,120,52050.17,99.34
2024-07-09,Axis Bank,140,110275.47,99.36
2024-07-09,SBI,121,180491.02,99.81
2024-07-09,Kotak Mahindra,143,54763.02,98.59
2024-07-09,YES Bank,100,113101.24,99.78
2024-07-09,IDBI Bank,119,149721.82,99.68
2024-07-09,Indian Bank,94,191997.55,98.93
2024-07-09,Bank of Baroda,66,106098.19,98.94
2024-07-09,PNB,123,142671.48,98.61
2024-07-09,Canara Bank,138,189622.16,99.09
2024-07-09,Union Bank,110,154158.02,98.74
2024-07-09,Central Bank,140,194213.78,98.97
2024-07-09,Punjab Bank,88,179355.17,98.92
2024-07-10,HDFC Bank,89,155565.76,99.85
2024-07-10,ICICI Bank,113,67983.83,98.62
2024-07-10,Axis Bank,59,118532.28,99.76
2024-07-10,SBI,98,178667.22,99.01
2024-07-10,Kotak Mahindra,57,99891.57,99.59
2024-07-10,YES Bank,84,150525.88,98.77
2024-07-10,IDBI Bank,74,165117.42,99.89
2024-07-10,Indian Bank,66,84241.22,98.96
2024-07-10,Bank of Baroda,77,106680.40,99.67
2024-07-10,PNB,56,58036.83,99.09
2024-07-10,Canara Bank,73,61956.42,99.65
2024-07-10,Union Bank,100,197391.59,98.73
2024-07-10,Central Bank,108,79893.59,99.66
2024-07-10,Punjab Bank,54,140467.16,98.64
2024-07-11,HDFC Bank,110,54774.42,99.25
2024-07-11,ICICI Bank,124,180726.31,99.67
2024-07-11,Axis Bank,40,72409.11,98.64
2024-07-11,SBI,89,172406.16,98.94
2024-07-11,Kotak Mahindra,132,76423.54,99.80
2024-07-11,YES Bank,49,82200.56,99.90
2024-07-11,IDBI Bank,87,151231.94,99.35
2024-07-11,Indian Bank,132,85573.63,98.88
2024-07-11,Bank of Baroda,53,170759.99,99.53
2024-07-11,PNB,106,65017.77,99.52
2024-07-11,Canara Bank,72,124314.55,99.79
2024-07-11,Union Bank,44,114856.08,99.02
2024-07-11,Central Bank,96,187324.43,99.20
2024-07-11,Punjab Bank,94,188440.34,99.85
2024-07-12,HDFC Bank,135,101119.88,99.41
2024-07-12,ICICI Bank,87,145861.07,99.14
2024-07-12,Axis Bank,123,166101.64,98.95
2024-07-12,SBI,118,91874.62,99.94
2024-07-12,Kotak Mahindra,70,131518.07,99.42
2024-07-12,YES Bank,139,75094.65,99.51
2024-07-12,IDBI Bank,123,190402.67,98.52
2024-07-12,Indian Bank,133,68736.39,99.21
2024-07-12,Bank of Baroda,60,179976.43,98.93
2024-07-12,PNB,72,135089.73,99.56
2024-07-12,Canara Bank,73,177153.31,99.08
2024-07-12,Union Bank,50,183715.36,98.90
2024-07-12,Central Bank,78,186024.62,99.17
2024-07-12,Punjab Bank,41,82915.96,98.63
2024-07-13,HDFC Bank,31,89365.84,99.87
2024-07-13,ICICI Bank,75,113841.25,99.26
2024-07-13,Axis Bank,67,106273.65,98.87
2024-07-13,SBI,68,113159.36,98.51
2024-07-13,Kotak Mahindra,79,76492.54,98.55
2024-07-13,YES Bank,72,45075.00,98.93
2024-07-13,IDBI Bank,104,43563.48,99.20
2024-07-13,Indian Bank,98,113873.34,99.92
2024-07-13,Bank of Baroda,112,99497.78,98.57
2024-07-13,PNB,41,131560.96,98.84
2024-07-13,Canara Bank,72,148530.14,98.62
2024-07-13,Union Bank,68,128396.87,99.53
2024-07-13,Central Bank,111,73695.20,98.82
2024-07-13,Punjab Bank,52,43211.90,99.36
2024-07-14,HDFC Bank,42,143728.18,99.73
2024-07-14,ICICI Bank,74,111347.42,98.66
2024-07-14,Axis Bank,40,77231.62,98.92
2024-07-14,SBI,33,63065.81,99.50
2024-07-14,Kotak Mahindra,89,75006.27,99.23
2024-07-14,YES Bank,112,111107.24,98.56
2024-07-14,IDBI Bank,65,59075.30,99.94
2024-07-14,Indian Bank,57,55097.63,99.47
2024-07-14,Bank of Baroda,58,66571.49,98.90
2024-07-14,PNB,38,47539.87,99.04
2024-07-14,Canara Bank,66,112341.52,98.56
2024-07-14,Union Bank,111,41603.02,99.66
2024-07-14,Central Bank,70,87591.99,99.91
2024-07-14,Punjab Bank,112,37790.95,99.88
2024-07-15,HDFC Bank,123,87475.22,99.81
2024-07-15,ICICI Bank,88,136484.86,99.64
2024-07-15,Axis Bank,96,120257.96,99.37
2024-07-15,SBI,126,57434.45,99.36
2024-07-15,Kotak Mahindra,99,99030.16,99.13
2024-07-15,YES Bank,142,144417.11,99.53
2024-07-15,IDBI Bank,68,180166.85,98.89
2024-07-15,Indian Bank,104,73311.66,99.01
2024-07-15,Bank of Baroda,90,130132.44,99.56
2024-07-15,PNB,150,130860.43,99.71
2024-07-15,Canara Bank,88,166208.25,99.60
2024-07-15,Union Bank,63,114783.27,99.78
2024-07-15,Central Bank,83,194475.25,99.82
2024-07-15,Punjab Bank,138,56744.17,99.51
2024-07-16,HDFC Bank,112,171761.47,98.68
2024-07-16,ICICI Bank,49,145917.84,98.80
2024-07-16,Axis Bank,118,141554.41,99.50
2024-07-16,SBI,68,184101.09,98.59
2024-07-16,Kotak Mahindra,81,141356.26,99.51
2024-07-16,YES Bank,70,131627.37,98.83
2024-07-16,IDBI Bank,78,92898.52,98.72
2024-07-16,Indian Bank,141,58985.12,99.44
2024-07-16,Bank of Baroda,113,75579.55,98.65
2024-07-16,PNB,134,91295.05,98.84
2024-07-16,Canara Bank,123,53364.46,99.62
2024-07-16,Union Bank,74,128587.95,99.13
2024-07-16,Central Bank,142,143323.81,99.06
2024-07-16,Punjab Bank,89,184329.97,99.40
2024-07-17,HDFC Bank,98,123910.38,98.75
2024-07-17,ICICI Bank,50,129098.37,99.42
2024-07-17,Axis Bank,80,149868.11,99.16
2024-07-17,SBI,52,140584.42,98.68
2024-07-17,Kotak Mahindra,87,164169.14,99.21
2024-07-17,YES Bank,46,100672.39,98.56
2024-07-17,IDBI Bank,122,178318.19,99.93
2024-07-17,Indian Bank,63,161131.11,98.93
2024-07-17,Bank of Baroda,140,109843.90,99.44
2024-07-17,PNB,44,56477.29,98.92
2024-07-17,Canara Bank,91,129083.56,99.36
2024-07-17,Union Bank,52,91188.32,99.46
2024-07-17,Central Bank,67,76426.22,99.42
2024-07-17,Punjab Bank,137,61435.11,99.67
2024-07-18,HDFC Bank,54,170415.03,99.31
2024-07-18,ICICI Bank,138,190590.38,99.90
2024-07-18,Axis Bank,111,128995.77,99.71
2024-07-18,SBI,136,166558.39,99.75
2024-07-18,Kotak Mahindra,54,148224.67,99.77
2024-07-18,YES Bank,114,53910.25,98.57
2024-07-18,IDBI Bank,122,119242.76,99.84
2024-07-18,Indian Bank,143,165150.57,99.79
2024-07-18,Bank of Baroda,143,168070.19,98.63
2024-07-18,PNB,87,167467.85,99.60
2024-07-18,Canara Bank,125,154570.19,98.66
2024-07-18,Union Bank,111,138072.57,98.81
2024-07-18,Central Bank,92,80069.72,99.37
2024-07-18,Punjab Bank,51,70665.04,98.53
2024-07-19,HDFC Bank,57,77604.75,98.64
2024-07-19,ICICI Bank,139,147735.03,98.88
2024-07-19,Axis Bank,116,143233.22,99.42
2024-07-19,SBI,63,51741.13,98.91
2024-07-19,Kotak Mahindra,121,119691.89,98.79
2024-07-19,YES Bank,135,194642.57,98.69
2024-07-19,IDBI Bank,44,132539.90,99.51
2024-07-19,Indian Bank,146,142363.98,99.81
2024-07-19,Bank of Baroda,106,185908.17,98.81
2024-07-19,PNB,136,171845.28,98.78
2024-07-19,Canara Bank,65,169278.44,98.77
2024-07-19,Union Bank,74,165297.08,98.83
2024-07-19,Central Bank,148,168443.83,99.37
2024-07-19,Punjab Bank,65,114435.27,99.57
2024-07-20,HDFC Bank,62,69137.11,99.27
2024-07-20,ICICI Bank,88,78013.87,99.85
2024-07-20,Axis Bank,46,40676.67,99.88
2024-07-20,SBI,82,73443.75,98.61
2024-07-20,Kotak Mahindra,85,97922.00,98.86
2024-07-20,YES Bank,30,49467.72,98.99
2024-07-20,IDBI Bank,72,119258.39,99.60
2024-07-20,Indian Bank,87,57782.03,98.70
2024-07-20,Bank of Baroda,104,92089.03,99.41
2024-07-20,PNB,42,119332.80,98.78
2024-07-20,Canara Bank,109,142200.85,98.53
2024-07-20,Union Bank,58,41945.72,99.92
2024-07-20,Central Bank,35,37640.58,98.79
2024-07-20,Punjab Bank,61,83452.31,99.79
2024-07-21,HDFC Bank,41,70139.51,99.74
2024-07-21,ICICI Bank,100,109667.87,99.35
2024-07-21,Axis Bank,82,39839.72,99.19
2024-07-21,SBI,106,63221.56,98.57
2024-07-21,Kotak Mahindra,78,122461.10,99.31
2024-07-21,YES Bank,76,100407.52,99.88
2024-07-21,IDBI Bank,110,116461.25,98.61
2024-07-21,Indian Bank,85,71261.49,99.12
2024-07-21,Bank of Baroda,88,67987.59,99.23
2024-07-21,PNB,102,46065.10,98.77
2024-07-21,Canara Bank,75,126192.24,99.28
2024-07-21,Union Bank,87,78294.35,98.53
2024-07-21,Central Bank,38,72370.63,99.52
2024-07-21,Punjab Bank,90,133895.93,99.18
2024-07-22,HDFC Bank,78,116280.35,99.91
2024-07-22,ICICI Bank,53,124372.77,98.99
2024-07-22,Axis Bank,125,163120.05,98.70
2024-07-22,SBI,47,181640.29,99.61
2024-07-22,Kotak Mahindra,85,113276.11,99.42
2024-07-22,YES Bank,60,123111.92,99.14
2024-07-22,IDBI Bank,69,78457.15,99.50
2024-07-22,Indian Bank,74,181977.49,99.45
2024-07-22,Bank of Baroda,58,80483.53,99.60
2024-07-22,PNB,101,99330.76,98.83
2024-07-22,Canara Bank,121,94450.73,98.96
2024-07-22,Union Bank,58,181126.58,99.82
2024-07-22,Central Bank,61,97048.82,99.21
2024-07-22,Punjab Bank,141,86981.45,99.47
2024-07-23,HDFC Bank,124,95108.93,99.34
2024-07-23,ICICI Bank,102,61937.08,99.43
2024-07-23,Axis Bank,58,162074.54,99.34
2024-07-23,SBI,67,88042.27,99.43
2024-07-23,Kotak Mahindra,139,102896.77,99.58
2024-07-23,YES Bank,66,84727.75,99.57
2024-07-23,IDBI Bank,98,58973.94,99.06
2024-07-23,Indian Bank,123,131027.76,98.80
2024-07-23,Bank of Baroda,112,79848.25,99.24
2024-07-23,PNB,139,73724.57,98.97
2024-07-23,Canara Bank,97,67342.58,99.52
2024-07-23,Union Bank,76,63001.32,98.61
2024-07-23,Central Bank,128,112481.59,99.10
2024-07-23,Punjab Bank,113,174467.61,99.02
2024-07-24,HDFC Bank,149,72059.95,98.53
2024-07-24,ICICI Bank,64,96898.77,99.39
2024-07-24,Axis Bank,102,179725.82,99.55
2024-07-24,SBI,91,116452.06,99.22
2024-07-24,Kotak Mahindra,68,143140.30,99.06
2024-07-24,YES Bank,123,50006.94,98.56
2024-07-24,IDBI Bank,110,178852.50,98.83
2024-07-24,Indian Bank,71,63138.57,98.88
2024-07-24,Bank of Baroda,124,145894.20,99.39
2024-07-24,PNB,68,186689.47,98.78
2024-07-24,Canara Bank,78,162918.36,99.56
2024-07-24,Union Bank,42,62138.81,99.14
2024-07-24,Central Bank,40,167021.16,98.82
2024-07-24,Punjab Bank,109,80043.74,99.75
2024-07-25,HDFC Bank,58,146812.30,98.87
2024-07-25,ICICI Bank,84,97386.12,99.88
2024-07-25,Axis Bank,105,92702.31,99.31
2024-07-25,SBI,85,148142.14,99.63
2024-07-25,Kotak Mahindra,57,135322.70,99.78
2024-07-25,YES Bank,147,130690.10,99.32
2024-07-25,IDBI Bank,116,182622.80,99.14
2024-07-25,Indian Bank,127,167564.34,98.69
2024-07-25,Bank of Baroda,48,134501.35,99.47
2024-07-25,PNB,98,62458.62,99.60
2024-07-25,Canara Bank,49,117843.73,99.17
2024-07-25,Union Bank,104,115762.12,98.99
2024-07-25,Central Bank,62,126163.26,99.60
2024-07-25,Punjab Bank,87,154713.85,98.52
2024-07-26,HDFC Bank,73,73890.86,99.51
2024-07-26,ICICI Bank,118,115464.24,99.76
2024-07-26,Axis Bank,106,119915.17,98.75
2024-07-26,SBI,145,160830.63,98.73
2024-07-26,Kotak Mahindra,75,120254.80,98.75
2024-07-26,YES Bank,102,141503.20,98.84
2024-07-26,IDBI Bank,42,148670.99,98.81
2024-07-26,Indian Bank,144,105431.45,98.87
2024-07-26,Bank of Baroda,139,69439.26,99.52
2024-07-26,PNB,48,153267.43,98.58
2024-07-26,Canara Bank,137,158413.63,99.26
2024-07-26,Union Bank,79,58327.81,99.01
2024-07-26,Central Bank,84,107710.44,98.86
2024-07-26,Punjab Bank,134,81611.79,98.83
2024-07-27,HDFC Bank,106,108508.27,99.41
2024-07-27,ICICI Bank,75,61979.08,98.74
2024-07-27,Axis Bank,54,84995.66,98.87
2024-07-27,SBI,35,115825.66,99.37
2024-07-27,Kotak Mahindra,104,104667.11,99.63
2024-07-27,YES Bank,53,108493.50,99.74
2024-07-27,IDBI Bank,84,58300.28,99.70
2024-07-27,Indian Bank,100,124225.36,99.54
2024-07-27,Bank of Baroda,100,62967.27,99.91
2024-07-27,PNB,58,119613.64,98.79
2024-07-27,Canara Bank,56,127159.38,99.25
2024-07-27,Union Bank,42,86474.70,99.90
2024-07-27,Central Bank,57,65944.64,98.58
2024-07-27,Punjab Bank,74,125224.85,99.57
2024-07-28,HDFC Bank,76,149012.56,99.01
2024-07-28,ICICI Bank,32,135905.31,99.29
2024-07-28,Axis Bank,79,74185.25,99.07
2024-07-28,SBI,55,63218.45,99.24
2024-07-28,Kotak Mahindra,93,66106.34,99.74
2024-07-28,YES Bank,68,87416.62,99.62
2024-07-28,IDBI Bank,75,137098.45,99.67
2024-07-28,Indian Bank,71,117358.94,99.85
2024-07-28,Bank of Baroda,70,135373.21,99.08
2024-07-28,PNB,47,140156.80,99.40
2024-07-28,Canara Bank,73,99659.83,98.61
2024-07-28,Union Bank,102,132017.96,98.74
2024-07-28,Central Bank,110,96341.48,98.63
2024-07-28,Punjab Bank,106,83035.22,99.72
2024-07-29,HDFC Bank,52,152662.45,98.84
2024-07-29,ICICI Bank,109,180212.86,99.50
2024-07-29,Axis Bank,63,88493.53,99.36
2024-07-29,SBI,103,114479.01,98.51
2024-07-29,Kotak Mahindra,43,66669.06,99.35
2024-07-29,YES Bank,40,167036.72,99.30
2024-07-29,IDBI Bank,130,143474.42,99.09
2024-07-29,Indian Bank,50,81584.03,99.30
2024-07-29,Bank of Baroda,116,88943.93,99.26
2024-07-29,PNB,44,52446.25,99.67
2024-07-29,Canara Bank,122,146055.38,98.56
2024-07-29,Union Bank,145,88618.65,98.76
2024-07-29,Central Bank,78,129234.65,99.82
2024-07-29,Punjab Bank,68,53747.97,99.65
2024-07-30,HDFC Bank,58,81279.90,99.19
2024-07-30,ICICI Bank,49,161344.71,99.17
2024-07-30,Axis Bank,63,67917.71,98.92
2024-07-30,SBI,86,152438.23,99.90
2024-07-30,Kotak Mahindra,120,60383.79,98.64
2024-07-30,YES Bank,60,184136.14,98.93
2024-07-30,IDBI Bank,43,158485.26,99.32
2024-07-30,Indian Bank,52,190744.53,99.40
2024-07-30,Bank of Baroda,66,181185.52,99.10
2024-07-30,PNB,132,50180.85,99.08
2024-07-30,Canara Bank,148,56402.59,99.57
2024-07-30,Union Bank,108,161411.53,99.32
2024-07-30,Central Bank,86,62108.63,99.07
2024-07-30,Punjab Bank,104,88404.41,99.07
2024-07-31,HDFC Bank,131,67071.70,98.79
2024-07-31,ICICI Bank,109,184670.30,99.82
2024-07-31,Axis Bank,131,119872.40,99.41
2024-07-31,SBI,41,111026.10,99.22
2024-07-31,Kotak Mahindra,99,126304.76,99.13
2024-07-31,YES Bank,40,126891.35,99.24
2024-07-31,IDBI Bank,102,132760.53,98.90
2024-07-31,Indian Bank,70,142263.29,98.72
2024-07-31,Bank of Baroda,78,178480.56,99.95
2024-07-31,PNB,117,147505.97,99.12
2024-07-31,Canara Bank,114,101590.55,99.02
2024-07-31,Union Bank,69,68088.28,99.33
2024-07-31,Central Bank,112,156719.09,99.47
2024-07-31,Punjab Bank,107,179101.35,98.81
2024-08-01,HDFC Bank,52,148859.92,99.74
2024-08-01,ICICI Bank,96,173817.15,99.62
2024-08-01,Axis Bank,94,188454.49,98.97
2024-08-01,SBI,40,90158.73,98.77
2024-08-01,Kotak Mahindra,90,55597.52,99.62
2024-08-01,YES Bank,135,106709.60,99.54
2024-08-01,IDBI Bank,141,125948.28,98.85
2024-08-01,Indian Bank,100,186595.02,98.84
2024-08-01,Bank of Baroda,50,60900.70,98.93
2024-08-01,PNB,54,51654.14,98.61
2024-08-01,Canara Bank,40,114769.61,99.16
2024-08-01,Union Bank,54,85457.07,99.20
2024-08-01,Central Bank,122,149287.28,98.82
2024-08-01,Punjab Bank,128,66871.50,99.91
2024-08-02,HDFC Bank,145,190825.22,99.57
2024-08-02,ICICI Bank,113,100713.96,99.89
2024-08-02,Axis Bank,90,82701.57,98.58
2024-08-02,SBI,143,72010.18,99.70
2024-08-02,Kotak Mahindra,46,123703.24,98.62
2024-08-02,YES Bank,149,196461.65,98.81
2024-08-02,IDBI Bank,73,187746.79,98.53
2024-08-02,Indian Bank,135,173846.91,99.12
2024-08-02,Bank of Baroda,100,143600.71,98.88
2024-08-02,PNB,129,54835.28,99.28
2024-08-02,Canara Bank,140,136316.69,99.27
2024-08-02,Union Bank,68,82068.60,98.60
2024-08-02,Central Bank,139,50599.13,99.44
2024-08-02,Punjab Bank,59,75703.74,98.84
2024-08-03,HDFC Bank,98,63374.05,98.65
2024-08-03,ICICI Bank,93,80876.70,99.77
2024-08-03,Axis Bank,96,129616.30,99.24
2024-08-03,SBI,76,142730.29,98.62
2024-08-03,Kotak Mahindra,58,105675.71,99.93
2024-08-03,YES Bank,40,130223.99,99.59
2024-08-03,IDBI Bank,62,132534.38,99.22
2024-08-03,Indian Bank,78,80582.32,99.84
2024-08-03,Bank of Baroda,40,116458.65,98.83
2024-08-03,PNB,51,55193.34,98.68
2024-08-03,Canara Bank,62,125826.23,99.52
2024-08-03,Union Bank,42,68664.80,98.93
2024-08-03,Central Bank,70,70617.50,98.89
2024-08-03,Punjab Bank,32,128967.38,99.04
2024-08-04,HDFC Bank,30,80094.05,99.76
2024-08-04,ICICI Bank,91,114117.60,99.00
2024-08-04,Axis Bank,53,92066.98,99.67
2024-08-04,SBI,100,38113.16,98.94
2024-08-04,Kotak Mahindra,53,71838.50,99.33
2024-08-04,YES Bank,91,109285.20,99.07
2024-08-04,IDBI Bank,102,45194.24,98.59
2024-08-04,Indian Bank,86,138455.88,98.78
2024-08-04,Bank of Baroda,50,48221.55,99.19
2024-08-04,PNB,58,118328.01,99.58
2024-08-04,Canara Bank,91,54608.50,99.05
2024-08-04,Union Bank,52,53873.71,98.81
2024-08-04,Central Bank,95,78305.04,99.76
2024-08-04,Punjab Bank,103,49905.93,99.25
2024-08-05,HDFC Bank,135,162215.84,99.53
2024-08-05,ICICI Bank,142,140085.79,98.73
2024-08-05,Axis Bank,59,198057.50,99.00
2024-08-05,SBI,82,71001.17,98.93
2024-08-05,Kotak Mahindra,116,110055.86,98.78
2024-08-05,YES Bank,58,194647.17,98.63
2024-08-05,IDBI Bank,46,174154.38,99.11
2024-08-05,Indian Bank,113,95096.52,99.68
2024-08-05,Bank of Baroda,93,92607.00,98.59
2024-08-05,PNB,105,190395.40,99.71
2024-08-05,Canara Bank,148,128555.74,98.50
2024-08-05,Union Bank,74,127000.85,99.64
2024-08-05,Central Bank,145,182277.19,99.13
2024-08-05,Punjab Bank,106,164905.54,99.28
2024-08-06,HDFC Bank,72,135597.53,99.55
2024-08-06,ICICI Bank,45,81356.90,99.79
2024-08-06,Axis Bank,74,95984.96,99.03
2024-08-06,SBI,134,105531.15,98.82
2024-08-06,Kotak Mahindra,70,88503.92,98.90
2024-08-06,YES Bank,109,51653.29,99.27
2024-08-06,IDBI Bank,68,132221.28,99.04
2024-08-06,Indian Bank,65,170814.97,98.71
2024-08-06,Bank of Baroda,121,84855.82,98.88
2024-08-06,PNB,50,153608.52,99.07
2024-08-06,Canara Bank,146,154842.76,98.78
2024-08-06,Union Bank,73,95755.14,99.23
2024-08-06,Central Bank,128,180681.36,98.92
2024-08-06,Punjab Bank,142,104193.38,98.90
2024-08-07,HDFC Bank,126,70514.71,99.69
2024-08-07,ICICI Bank,133,107601.06,99.49
2024-08-07,Axis Bank,141,110690.38,99.81
2024-08-07,SBI,62,148652.07,99.09
2024-08-07,Kotak Mahindra,62,51703.66,99.76
2024-08-07,YES Bank,118,159559.53,99.72
2024-08-07,IDBI Bank,42,65435.14,99.21
2024-08-07,Indian Bank,102,191838.27,99.86
2024-08-07,Bank of Baroda,68,147757.01,99.64
2024-08-07,PNB,44,70579.58,99.34
2024-08-07,Canara Bank,96,76056.39,98.56
2024-08-07,Union Bank,113,188603.15,98.61
2024-08-07,Central Bank,84,191478.57,99.36
2024-08-07,Punjab Bank,97,67496.80,99.01
2024-08-08,HDFC Bank,112,79938.38,99.44
2024-08-08,ICICI Bank,123,118121.47,99.24
2024-08-08,Axis Bank,127,64877.12,98.73
2024-08-08,SBI,43,62315.59,99.27
2024-08-08,Kotak Mahindra,144,84899.29,98.83
2024-08-08,YES Bank,56,84260.20,99.04
2024-08-08,IDBI Bank,80,73805.63,99.47
2024-08-08,Indian Bank,47,165461.90,99.91
2024-08-08,Bank of Baroda,104,167557.73,99.64
2024-08-08,PNB,125,77874.40,98.93
2024-08-08,Canara Bank,47,148954.45,98.98
2024-08-08,Union Bank,65,175580.67,99.10
2024-08-08,Central Bank,80,78449.03,99.94
2024-08-08,Punjab Bank,133,117693.20,99.32
2024-08-09,HDFC Bank,138,116965.65,99.36
2024-08-09,ICICI Bank,52,194770.47,99.19
2024-08-09,Axis Bank,116,57825.79,99.51
2024-08-09,SBI,116,149660.48,98.84
2024-08-09,Kotak Mahindra,71,100826.82,99.61
2024-08-09,YES Bank,109,120076.12,98.51
2024-08-09,IDBI Bank,115,193017.83,98.55
2024-08-09,Indian Bank,134,187876.59,99.90
2024-08-09,Bank of Baroda,83,127850.70,98.84
2024-08-09,PNB,107,85874.12,98.52
2024-08-09,Canara Bank,115,52257.91,98.97
2024-08-09,Union Bank,41,137715.36,99.55
2024-08-09,Central Bank,103,112330.15,98.86
2024-08-09,Punjab Bank,99,105461.49,99.58
2024-08-10,HDFC Bank,108,65975.02,98.93
2024-08-10,ICICI Bank,112,146985.21,98.85
2024-08-10,Axis Bank,87,149274.10,99.61
2024-08-10,SBI,100,121827.18,99.15
2024-08-10,Kotak Mahindra,48,77232.03,99.52
2024-08-10,YES Bank,104,114017.45,99.26
2024-08-10,IDBI Bank,47,39008.94,99.51
2024-08-10,Indian Bank,41,87124.61,99.18
2024-08-10,Bank of Baroda,85,134201.62,98.78
2024-08-10,PNB,77,105637.03,99.19
2024-08-10,Canara Bank,112,40655.07,99.48
2024-08-10,Union Bank,40,109808.68,99.05
2024-08-10,Central Bank,89,49795.00,99.45
2024-08-10,Punjab Bank,106,77241.54,99.31
2024-08-11,HDFC Bank,94,51953.43,98.90
2024-08-11,ICICI Bank,71,77753.48,99.81
2024-08-11,Axis Bank,49,131176.55,99.63
2024-08-11,SBI,36,102426.11,99.04
2024-08-11,Kotak Mahindra,41,73469.62,99.26
2024-08-11,YES Bank,56,79828.34,99.55
2024-08-11,IDBI Bank,97,62730.66,98.55
2024-08-11,Indian Bank,41,142069.05,98.70
2024-08-11,Bank of Baroda,50,69667.99,98.81
2024-08-11,PNB,64,55909.72,99.13
2024-08-11,Canara Bank,95,135162.57,99.92
2024-08-11,Union Bank,57,69822.73,98.98
2024-08-11,Central Bank,42,94193.79,99.25
2024-08-11,Punjab Bank,94,115470.84,98.60
2024-08-12,HDFC Bank,76,97575.90,98.64
2024-08-12,ICICI Bank,149,177915.27,98.70
2024-08-12,Axis Bank,63,97047.71,99.73
2024-08-12,SBI,40,162269.03,99.14
2024-08-12,Kotak Mahindra,129,148450.85,99.87
2024-08-12,YES Bank,75,139610.03,99.51
2024-08-12,IDBI Bank,92,167641.23,99.91
2024-08-12,Indian Bank,107,112644.27,99.38
2024-08-12,Bank of Baroda,141,161661.38,98.95
2024-08-12,PNB,123,196427.42,99.16
2024-08-12,Canara Bank,148,58427.29,99.68
2024-08-12,Union Bank,91,132479.42,98.67
2024-08-12,Central Bank,143,173130.27,99.04
2024-08-12,Punjab Bank,56,179225.80,99.24
2024-08-13,HDFC Bank,66,137558.64,99.67
2024-08-13,ICICI Bank,129,199458.81,99.57
2024-08-13,Axis Bank,109,193482.65,99.06
2024-08-13,SBI,117,145621.06,99.14
2024-08-13,Kotak Mahindra,138,96466.60,98.65
2024-08-13,YES Bank,52,86796.94,99.81
2024-08-13,IDBI Bank,44,132657.20,99.73
2024-08-13,Indian Bank,144,94540.61,98.83
2024-08-13,Bank of Baroda,70,61353.29,99.78
2024-08-13,PNB,66,73475.82,99.05
2024-08-13,Canara Bank,73,106370.21,99.88
2024-08-13,Union Bank,139,113255.64,99.64
2024-08-13,Central Bank,61,64652.83,98.84
2024-08-13,Punjab Bank,89,179890.79,98.63
2024-08-14,HDFC Bank,55,139293.02,99.45
2024-08-14,ICICI Bank,130,54084.57,99.20
2024-08-14,Axis Bank,68,199329.59,99.71
2024-08-14,SBI,126,149697.58,99.12
2024-08-14,Kotak Mahindra,73,156375.89,98.65
2024-08-14,YES Bank,56,61068.41,98.60
2024-08-14,IDBI Bank,141,165641.18,99.23
2024-08-14,Indian Bank,72,61662.16,99.56
2024-08-14,Bank of Baroda,108,56797.51,99.75
2024-08-14,PNB,77,103191.62,98.62
2024-08-14,Canara Bank,110,113834.83,99.59
2024-08-14,Union Bank,115,135326.82,99.75
2024-08-14,Central Bank,66,103774.38,99.01
2024-08-14,Punjab Bank,138,186577.64,99.27
2024-08-15,HDFC Bank,82,90726.05,99.27
2024-08-15,ICICI Bank,148,142714.81,99.89
2024-08-15,Axis Bank,77,53433.29,99.35
2024-08-15,SBI,130,105528.26,99.09
2024-08-15,Kotak Mahindra,71,187172.96,99.90
2024-08-15,YES Bank,72,129850.11,99.01
2024-08-15,IDBI Bank,108,95403.95,98.57
2024-08-15,Indian Bank,54,87989.96,99.67
2024-08-15,Bank of Baroda,65,77463.55,99.72
2024-08-15,PNB,144,78670.88,99.04
2024-08-15,Canara Bank,74,70537.60,98.52
2024-08-15,Union Bank,56,54562.11,99.00
2024-08-15,Central Bank,63,95764.18,98.62
2024-08-15,Punjab Bank,81,183058.09,99.13
2024-08-16,HDFC Bank,43,124264.27,99.68
2024-08-16,ICICI Bank,90,111434.27,99.59
2024-08-16,Axis Bank,118,176407.46,99.10
2024-08-16,SBI,131,170101.56,98.88
2024-08-16,Kotak Mahindra,54,195851.17,98.87
2024-08-16,YES Bank,61,107771.53,99.73
2024-08-16,IDBI Bank,53,90397.25,99.69
2024-08-16,Indian Bank,61,156458.43,99.45
2024-08-16,Bank of Baroda,109,86635.26,99.21
2024-08-16,PNB,69,194019.12,99.85
2024-08-16,Canara Bank,108,136742.67,99.45
2024-08-16,Union Bank,146,52844.46,99.10
2024-08-16,Central Bank,45,71133.53,98.52
2024-08-16,Punjab Bank,117,145813.35,98.74
2024-08-17,HDFC Bank,44,120985.54,99.91
2024-08-17,ICICI Bank,80,129316.21,98.71
2024-08-17,Axis Bank,54,38742.74,98.84
2024-08-17,SBI,104,99111.25,99.44
2024-08-17,Kotak Mahindra,112,40617.67,99.73
2024-08-17,YES Bank,74,138043.60,99.58
2024-08-17,IDBI Bank,75,130320.59,99.79
2024-08-17,Indian Bank,46,64207.21,98.76
2024-08-17,Bank of Baroda,61,117410.19,99.32
2024-08-17,PNB,110,114523.40,98.67
2024-08-17,Canara Bank,38,82866.05,98.57
2024-08-17,Union Bank,100,48054.53,98.69
2024-08-17,Central Bank,101,38276.26,98.84
2024-08-17,Punjab Bank,94,67435.22,98.60
2024-08-18,HDFC Bank,43,131219.07,98.66
2024-08-18,ICICI Bank,91,115625.14,98.79
2024-08-18,Axis Bank,79,122658.23,99.03
2024-08-18,SBI,64,99932.10,99.67
2024-08-18,Kotak Mahindra,55,131225.76,99.76
2024-08-18,YES Bank,101,58050.16,98.70
2024-08-18,IDBI Bank,62,113030.51,99.74
2024-08-18,Indian Bank,32,71799.51,98.91
2024-08-18,Bank of Baroda,71,54342.91,99.81
2024-08-18,PNB,77,139834.77,98.82
2024-08-18,Canara Bank,82,54369.14,98.63
2024-08-18,Union Bank,51,86483.56,99.17
2024-08-18,Central Bank,68,81433.36,99.77
2024-08-18,Punjab Bank,112,77045.68,98.73
2024-08-19,HDFC Bank,82,180817.87,98.93
2024-08-19,ICICI Bank,88,180048.17,98.99
2024-08-19,Axis Bank,72,110401.19,98.76
2024-08-19,SBI,81,62170.97,99.81
2024-08-19,Kotak Mahindra,85,92010.11,99.95
2024-08-19,YES Bank,137,100037.69,99.61
2024-08-19,IDBI Bank,115,117623.50,99.04
2024-08-19,Indian Bank,76,125924.00,99.58
2024-08-19,Bank of Baroda,141,193929.12,98.66
2024-08-19,PNB,106,175030.47,99.37
2024-08-19,Canara Bank,127,138775.98,98.68
2024-08-19,Union Bank,74,144642.14,99.92
2024-08-19,Central Bank,96,64239.38,98.90
2024-08-19,Punjab Bank,111,123417.55,99.70
2024-08-20,HDFC Bank,138,70839.28,98.60
2024-08-20,ICICI Bank,133,109800.99,99.18
2024-08-20,Axis Bank,148,141749.08,99.19
2024-08-20,SBI,138,198410.68,98.70
2024-08-20,Kotak Mahindra,61,184559.76,98.64
2024-08-20,YES Bank,138,129344.67,99.73
2024-08-20,IDBI Bank,83,119052.29,99.46
2024-08-20,Indian Bank,128,73530.15,98.79
2024-08-20,Bank of Baroda,97,130478.17,99.37
2024-08-20,PNB,149,187514.98,98.60
2024-08-20,Canara Bank,76,76817.83,99.78
2024-08-20,Union Bank,57,50595.99,99.81
2024-08-20,Central Bank,78,164595.34,99.90
2024-08-20,Punjab Bank,58,61984.94,99.38
2024-08-21,HDFC Bank,122,110335.37,99.62
2024-08-21,ICICI Bank,56,135181.92,99.70
2024-08-21,Axis Bank,84,129094.74,99.24
2024-08-21,SBI,112,199962.64,99.58
2024-08-21,Kotak Mahindra,134,136182.01,99.78
2024-08-21,YES Bank,68,95641.99,99.31
2024-08-21,IDBI Bank,56,78816.60,98.63
2024-08-21,Indian Bank,108,92660.45,99.62
2024-08-21,Bank of Baroda,59,75668.61,99.25
2024-08-21,PNB,90,73229.63,99.61
2024-08-21,Canara Bank,40,164761.06,99.88
2024-08-21,Union Bank,87,111165.52,98.57
2024-08-21,Central Bank,102,197934.38,99.51
2024-08-21,Punjab Bank,98,55740.85,99.13
2024-08-22,HDFC Bank,54,168520.46,99.44
2024-08-22,ICICI Bank,44,135224.09,99.23
2024-08-22,Axis Bank,118,188164.30,99.25
2024-08-22,SBI,129,141998.55,99.89
2024-08-22,Kotak Mahindra,136,137364.41,99.30
2024-08-22,YES Bank,100,171729.03,99.83
2024-08-22,IDBI Bank,69,199653.95,99.56
2024-08-22,Indian Bank,131,62948.19,99.07
2024-08-22,Bank of Baroda,83,164796.43,99.82
2024-08-22,PNB,40,148411.66,99.27
2024-08-22,Canara Bank,104,88122.91,99.87
2024-08-22,Union Bank,61,83991.91,99.55
2024-08-22,Central Bank,59,119135.52,98.90
2024-08-22,Punjab Bank,129,118116.64,99.00
2024-08-23,HDFC Bank,99,84848.87,98.80
2024-08-23,ICICI Bank,43,86015.45,99.66
2024-08-23,Axis Bank,75,55281.23,99.06
2024-08-23,SBI,111,79577.61,99.93
2024-08-23,Kotak Mahindra,116,84502.23,99.28
2024-08-23,YES Bank,72,148039.97,98.85
2024-08-23,IDBI Bank,62,116632.17,99.72
2024-08-23,Indian Bank,41,119269.40,99.39
2024-08-23,Bank of Baroda,64,148537.52,98.89
2024-08-23,PNB,141,144484.74,99.47
2024-08-23,Canara Bank,105,62656.30,99.27
2024-08-23,Union Bank,75,187726.57,99.04
2024-08-23,Central Bank,109,108692.82,99.09
2024-08-23,Punjab Bank,108,120334.86,98.52
2024-08-24,HDFC Bank,98,111831.13,98.55
2024-08-24,ICICI Bank,45,148025.60,99.03
2024-08-24,Axis Bank,107,93400.87,99.72
2024-08-24,SBI,38,104950.66,98.61
2024-08-24,Kotak Mahindra,85,144628.39,98.62
2024-08-24,YES Bank,100,40898.73,99.74
2024-08-24,IDBI Bank,98,96220.84,99.84
2024-08-24,Indian Bank,70,122792.33,99.43
2024-08-24,Bank of Baroda,111,114050.96,98.96
2024-08-24,PNB,40,141800.45,99.66
2024-08-24,Canara Bank,86,86023.45,99.93
2024-08-24,Union Bank,70,65069.15,99.24
2024-08-24,Central Bank,52,93198.81,99.11
2024-08-24,Punjab Bank,52,59519.79,98.67
2024-08-25,HDFC Bank,87,45070.66,99.53
2024-08-25,ICICI Bank,72,60943.90,99.37
2024-08-25,Axis Bank,68,63228.80,99.16
2024-08-25,SBI,98,114705.16,98.95
2024-08-25,Kotak Mahindra,98,136000.29,99.15
2024-08-25,YES Bank,66,69944.40,99.34
2024-08-25,IDBI Bank,94,117899.94,99.16
2024-08-25,Indian Bank,40,69558.32,98.89
2024-08-25,Bank of Baroda,68,127031.96,99.79
2024-08-25,PNB,68,115752.16,98.58
2024-08-25,Canara Bank,89,134447.50,99.59
2024-08-25,Union Bank,96,114017.14,99.12
2024-08-25,Central Bank,59,144858.50,99.09
2024-08-25,Punjab Bank,64,96254.30,98.89
2024-08-26,HDFC Bank,40,154149.84,99.48
2024-08-26,ICICI Bank,95,159412.51,99.89
2024-08-26,Axis Bank,82,133801.59,99.29
2024-08-26,SBI,136,169394.63,99.67
2024-08-26,Kotak Mahindra,137,194626.39,99.73
2024-08-26,YES Bank,146,112377.36,99.35
2024-08-26,IDBI Bank,92,117510.31,99.53
2024-08-26,Indian Bank,52,77677.05,99.19
2024-08-26,Bank of Baroda,102,103305.49,99.42
2024-08-26,PNB,61,75915.29,98.90
2024-08-26,Canara Bank,56,71866.04,99.23
2024-08-26,Union Bank,133,173634.54,98.54
2024-08-26,Central Bank,79,82506.87,98.94
2024-08-26,Punjab Bank,120,80357.19,98.76
2024-08-27,HDFC Bank,40,154404.80,98.82
2024-08-27,ICICI Bank,101,126175.09,99.75
2024-08-27,Axis Bank,43,139207.77,99.76
2024-08-27,SBI,54,123198.57,99.82
2024-08-27,Kotak Mahindra,40,150752.79,99.94
2024-08-27,YES Bank,97,148372.48,99.00
2024-08-27,IDBI Bank,141,142561.20,99.89
2024-08-27,Indian Bank,63,180497.86,98.80
2024-08-27,Bank of Baroda,53,159056.21,98.90
2024-08-27,PNB,107,170007.22,99.52
2024-08-27,Canara Bank,62,182917.61,99.91
2024-08-27,Union Bank,64,50002.01,98.70
2024-08-27,Central Bank,83,149024.29,99.83
2024-08-27,Punjab Bank,56,51941.20,99.12
2024-08-28,HDFC Bank,103,175886.04,98.51
2024-08-28,ICICI Bank,41,154632.76,99.33
2024-08-28,Axis Bank,81,142752.04,98.80
2024-08-28,SBI,89,139398.65,98.95
2024-08-28,Kotak Mahindra,91,76631.91,98.77
2024-08-28,YES Bank,122,120928.26,98.77
2024-08-28,IDBI Bank,122,147326.64,99.29
2024-08-28,Indian Bank,146,121987.41,99.29
2024-08-28,Bank of Baroda,79,72054.95,99.12
2024-08-28,PNB,91,191602.09,99.62
2024-08-28,Canara Bank,71,80080.74,99.91
2024-08-28,Union Bank,101,69349.79,98.85
2024-08-28,Central Bank,80,78655.07,98.80
2024-08-28,Punjab Bank,150,198698.15,98.68
2024-08-29,HDFC Bank,80,164614.81,99.05
2024-08-29,ICICI Bank,118,54656.01,99.83
2024-08-29,Axis Bank,78,193041.72,99.35
2024-08-29,SBI,121,177842.12,99.07
2024-08-29,Kotak Mahindra,118,99241.70,98.85
2024-08-29,YES Bank,57,153670.54,98.85
2024-08-29,IDBI Bank,128,153975.00,98.51
2024-08-29,Indian Bank,67,119130.15,99.37
2024-08-29,Bank of Baroda,114,178334.19,99.55
2024-08-29,PNB,76,136298.53,99.95
2024-08-29,Canara Bank,58,195726.67,98.98
2024-08-29,Union Bank,121,114151.31,98.55
2024-08-29,Central Bank,84,197988.86,99.29
2024-08-29,Punjab Bank,70,137673.88,99.53
2024-08-30,HDFC Bank,53,170547.46,98.74
2024-08-30,ICICI Bank,126,199095.09,98.55
2024-08-30,Axis Bank,129,191940.69,99.49
2024-08-30,SBI,70,77967.96,99.68
2024-08-30,Kotak Mahindra,48,116261.17,99.49
2024-08-30,YES Bank,58,160862.21,99.00
2024-08-30,IDBI Bank,100,155492.59,98.78
2024-08-30,Indian Bank,136,180238.99,99.88
2024-08-30,Bank of Baroda,149,114050.77,99.39
2024-08-30,PNB,111,184636.37,99.67
2024-08-30,Canara Bank,118,104899.63,98.69
2024-08-30,Union Bank,137,113335.59,98.87
2024-08-30,Central Bank,148,105207.76,99.14
2024-08-30,Punjab Bank,110,65560.26,98.64
2024-08-31,HDFC Bank,80,135706.64,99.01
2024-08-31,ICICI Bank,77,52255.46,99.41
2024-08-31,Axis Bank,99,43973.88,99.11
2024-08-31,SBI,110,140277.81,98.66
2024-08-31,Kotak Mahindra,90,106683.97,99.62
2024-08-31,YES Bank,64,104043.70,98.78
2024-08-31,IDBI Bank,94,96103.63,99.80
2024-08-31,Indian Bank,80,105115.52,99.24
2024-08-31,Bank of Baroda,112,127634.68,99.30
2024-08-31,PNB,101,148212.06,99.33
2024-08-31,Canara Bank,60,85179.96,98.84
2024-08-31,Union Bank,46,118638.23,98.69
2024-08-31,Central Bank,109,77794.72,99.58
2024-08-31,Punjab Bank,79,49190.08,99.39
2024-09-01,HDFC Bank,58,64226.27,98.69
2024-09-01,ICICI Bank,34,47489.51,99.91
2024-09-01,Axis Bank,62,43521.28,98.94
2024-09-01,SBI,64,133663.51,98.58
2024-09-01,Kotak Mahindra,32,95317.49,98.73
2024-09-01,YES Bank,57,121584.63,99.79
2024-09-01,IDBI Bank,68,87438.07,98.95
2024-09-01,Indian Bank,85,127246.19,98.91
2024-09-01,Bank of Baroda,92,105204.99,99.80
2024-09-01,PNB,103,56298.30,99.12
2024-09-01,Canara Bank,66,79356.47,98.97
2024-09-01,Union Bank,48,88680.07,99.11
2024-09-01,Central Bank,109,46907.85,99.87
2024-09-01,Punjab Bank,104,70869.87,99.61
2024-09-02,HDFC Bank,52,187556.92,99.85
2024-09-02,ICICI Bank,134,93664.12,99.82
2024-09-02,Axis Bank,56,172368.66,99.32
2024-09-02,SBI,119,150293.58,98.97
2024-09-02,Kotak Mahindra,100,68958.94,99.90
2024-09-02,YES Bank,103,74465.41,98.56
2024-09-02,IDBI Bank,147,112821.77,98.96
2024-09-02,Indian Bank,120,85852.65,98.87
2024-09-02,Bank of Baroda,146,58829.50,98.63
2024-09-02,PNB,79,75772.69,99.61
2024-09-02,Canara Bank,140,115190.43,99.03
2024-09-02,Union Bank,115,64475.69,99.28
2024-09-02,Central Bank,51,76665.41,99.42
2024-09-02,Punjab Bank,150,179204.04,98.56
2024-09-03,HDFC Bank,104,183160.86,98.56
2024-09-03,ICICI Bank,88,58483.55,99.33
2024-09-03,Axis Bank,113,191345.14,99.88
2024-09-03,SBI,56,161107.60,98.97
2024-09-03,Kotak Mahindra,43,171360.64,99.26
2024-09-03,YES Bank,123,57204.26,99.53
2024-09-03,IDBI Bank,135,108410.36,99.08
2024-09-03,Indian Bank,60,82018.96,98.59
2024-09-03,Bank of Baroda,58,198920.50,98.60
2024-09-03,PNB,123,53859.96,99.58
2024-09-03,Canara Bank,96,199633.30,98.91
2024-09-03,Union Bank,147,162132.50,98.57
2024-09-03,Central Bank,137,101509.63,99.14
2024-09-03,Punjab Bank,103,166571.66,99.07
2024-09-04,HDFC Bank,57,52954.30,99.68
2024-09-04,ICICI Bank,108,63104.84,98.68
2024-09-04,Axis Bank,73,67262.79,99.38
2024-09-04,SBI,106,62380.45,99.41
2024-09-04,Kotak Mahindra,128,139121.30,99.20
2024-09-04,YES Bank,74,125960.49,98.85
2024-09-04,IDBI Bank,118,59778.85,99.65
2024-09-04,Indian Bank,40,122514.75,99.65
2024-09-04,Bank of Baroda,144,120087.97,99.63
2024-09-04,PNB,74,84535.71,98.77
2024-09-04,Canara Bank,65,105750.42,98.81
2024-09-04,Union Bank,63,109942.21,99.67
2024-09-04,Central Bank,64,141272.34,99.50
2024-09-04,Punjab Bank,123,159212.50,98.95
2024-09-05,HDFC Bank,112,112284.65,99.94
2024-09-05,ICICI Bank,47,64689.93,99.85
2024-09-05,Axis Bank,81,143107.53,98.65
2024-09-05,SBI,87,100979.09,99.91
2024-09-05,Kotak Mahindra,83,83887.77,98.80
2024-09-05,YES Bank,114,159205.39,99.81
2024-09-05,IDBI Bank,87,194275.40,99.03
2024-09-05,Indian Bank,90,74875.90,98.51
2024-09-05,Bank of Baroda,60,99702.93,98.84
2024-09-05,PNB,109,76300.60,99.23
2024-09-05,Canara Bank,94,63741.92,99.85
2024-09-05,Union Bank,54,140995.91,99.24
2024-09-05,Central Bank,102,155415.61,99.63
2024-09-05,Punjab Bank,75,73946.57,99.91
2024-09-06,HDFC Bank,124,122526.82,98.72
2024-09-06,ICICI Bank,135,70855.01,99.58
2024-09-06,Axis Bank,132,80919.13,98.67
2024-09-06,SBI,59,132005.74,99.18
2024-09-06,Kotak Mahindra,129,86037.80,99.59
2024-09-06,YES Bank,66,138203.34,99.66
2024-09-06,IDBI Bank,98,112558.73,99.11
2024-09-06,Indian Bank,77,179005.50,98.90
2024-09-06,Bank of Baroda,68,146893.21,99.51
2024-09-06,PNB,65,162462.75,98.56
2024-09-06,Canara Bank,119,118990.43,98.75
2024-09-06,Union Bank,72,88519.17,99.63
2024-09-06,Central Bank,125,81149.71,98.69
2024-09-06,Punjab Bank,150,62386.95,99.78
2024-09-07,HDFC Bank,76,112762.17,99.21
2024-09-07,ICICI Bank,94,75148.51,98.81
2024-09-07,Axis Bank,78,96172.68,98.57
2024-09-07,SBI,76,129978.79,99.30
2024-09-07,Kotak Mahindra,108,68181.74,99.69
2024-09-07,YES Bank,64,48570.52,98.70
2024-09-07,IDBI Bank,44,106989.64,99.22
2024-09-07,Indian Bank,56,113012.09,99.13
2024-09-07,Bank of Baroda,59,130728.54,99.91
2024-09-07,PNB,59,85174.36,99.71
2024-09-07,Canara Bank,84,74133.81,99.56
2024-09-07,Union Bank,35,148610.55,99.34
2024-09-07,Central Bank,105,38302.87,99.54
2024-09-07,Punjab Bank,73,83689.06,98.92
2024-09-08,HDFC Bank,77,131772.79,98.62
2024-09-08,ICICI Bank,62,138801.48,99.26
2024-09-08,Axis Bank,38,65127.62,99.82
2024-09-08,SBI,104,40117.15,99.61
2024-09-08,Kotak Mahindra,46,38021.43,98.93
2024-09-08,YES Bank,31,149628.01,99.37
2024-09-08,IDBI Bank,32,57392.17,99.01
2024-09-08,Indian Bank,86,74826.41,99.27
2024-09-08,Bank of Baroda,38,54316.12,99.43
2024-09-08,PNB,62,59219.01,98.94
2024-09-08,Canara Bank,71,59591.36,99.06
2024-09-08,Union Bank,40,139398.46,98.82
2024-09-08,Central Bank,76,147378.73,98.99
2024-09-08,Punjab Bank,80,87963.09,99.29
2024-09-09,HDFC Bank,106,114545.85,99.38
2024-09-09,ICICI Bank,99,184754.07,98.90
2024-09-09,Axis Bank,118,103807.74,98.84
2024-09-09,SBI,149,117686.24,98.81
2024-09-09,Kotak Mahindra,65,67387.89,99.31
2024-09-09,YES Bank,105,74800.76,99.45
2024-09-09,IDBI Bank,84,115765.01,99.41
2024-09-09,Indian Bank,67,188742.17,99.03
2024-09-09,Bank of Baroda,137,125932.52,99.89
2024-09-09,PNB,61,132768.16,99.78
2024-09-09,Canara Bank,138,79281.49,98.61
2024-09-09,Union Bank,79,188314.47,98.56
2024-09-09,Central Bank,106,157420.08,98.60
2024-09-09,Punjab Bank,124,109111.76,99.08
2024-09-10,HDFC Bank,81,70800.35,99.81
2024-09-10,ICICI Bank,130,139087.83,99.65
2024-09-10,Axis Bank,95,135682.31,99.85
2024-09-10,SBI,82,120325.69,99.17
2024-09-10,Kotak Mahindra,113,175916.48,99.08
2024-09-10,YES Bank,41,152503.16,98.55
2024-09-10,IDBI Bank,92,68029.35,98.97
2024-09-10,Indian Bank,119,152611.32,99.01
2024-09-10,Bank of Baroda,62,138472.12,99.64
2024-09-10,PNB,106,82465.85,99.78
2024-09-10,Canara Bank,71,132232.62,98.85
2024-09-10,Union Bank,89,195139.56,98.61
2024-09-10,Central Bank,66,114386.57,98.86
2024-09-10,Punjab Bank,76,117424.36,98.64
2024-09-11,HDFC Bank,98,102582.23,98.86
2024-09-11,ICICI Bank,100,176994.18,99.53
2024-09-11,Axis Bank,136,142432.93,99.77
2024-09-11,SBI,43,192946.34,99.50
2024-09-11,Kotak Mahindra,123,87900.89,99.94
2024-09-11,YES Bank,127,151912.45,99.70
2024-09-11,IDBI Bank,150,198758.21,98.78
2024-09-11,Indian Bank,97,99571.64,99.42
2024-09-11,Bank of Baroda,57,86049.86,99.64
2024-09-11,PNB,133,155719.61,99.10
2024-09-11,Canara Bank,61,166615.55,99.43
2024-09-11,Union Bank,142,99587.59,99.30
2024-09-11,Central Bank,143,90263.07,99.41
2024-09-11,Punjab Bank,50,189977.26,98.59
2024-09-12,HDFC Bank,138,130131.40,99.78
2024-09-12,ICICI Bank,43,62589.06,98.66
2024-09-12,Axis Bank,82,142537.50,99.16
2024-09-12,SBI,47,76768.28,99.07
2024-09-12,Kotak Mahindra,116,172355.28,98.91
2024-09-12,YES Bank,73,93187.57,98.68
2024-09-12,IDBI Bank,57,172654.76,99.26
2024-09-12,Indian Bank,144,99966.91,99.80
2024-09-12,Bank of Baroda,41,135816.72,99.75
2024-09-12,PNB,103,185048.81,98.92
2024-09-12,Canara Bank,128,92034.58,99.33
2024-09-12,Union Bank,127,73169.33,99.14
2024-09-12,Central Bank,53,117963.63,98.83
2024-09-12,Punjab Bank,95,61259.71,98.75
2024-09-13,HDFC Bank,148,157749.95,99.94
2024-09-13,ICICI Bank,145,170894.29,98.69
2024-09-13,Axis Bank,150,160337.91,99.44
2024-09-13,SBI,146,115053.88,98.61
2024-09-13,Kotak Mahindra,94,89119.02,99.38
2024-09-13,YES Bank,111,58200.91,98.77
2024-09-13,IDBI Bank,118,169791.05,98.68
2024-09-13,Indian Bank,88,68785.91,99.82
2024-09-13,Bank of Baroda,147,166334.12,99.12
2024-09-13,PNB,87,102524.72,99.60
2024-09-13,Canara Bank,51,155062.61,98.80
2024-09-13,Union Bank,61,90289.36,98.89
2024-09-13,Central Bank,130,140026.01,98.96
2024-09-13,Punjab Bank,148,118431.17,98.57
2024-09-14,HDFC Bank,57,50904.95,99.80
2024-09-14,ICICI Bank,47,86167.43,98.79
2024-09-14,Axis Bank,60,120645.13,99.61
2024-09-14,SBI,58,124719.81,99.24
2024-09-14,Kotak Mahindra,88,61675.68,99.69
2024-09-14,YES Bank,110,146434.59,99.78
2024-09-14,IDBI Bank,38,87033.22,98.70
2024-09-14,Indian Bank,50,60389.80,98.74
2024-09-14,Bank of Baroda,70,110056.14,99.17
2024-09-14,PNB,45,149475.59,99.48
2024-09-14,Canara Bank,57,88555.19,98.68
2024-09-14,Union Bank,53,132552.33,99.90
2024-09-14,Central Bank,98,101707.64,99.33
2024-09-14,Punjab Bank,101,80020.14,98.96
2024-09-15,HDFC Bank,68,147111.16,99.86
2024-09-15,ICICI Bank,58,143728.22,99.89
2024-09-15,Axis Bank,38,44816.21,99.70
2024-09-15,SBI,81,63955.68,99.36
2024-09-15,Kotak Mahindra,87,85974.04,99.89
2024-09-15,YES Bank,93,145016.86,98.53
2024-09-15,IDBI Bank,74,116833.53,98.65
2024-09-15,Indian Bank,106,54392.12,98.73
2024-09-15,Bank of Baroda,46,82553.23,99.01
2024-09-15,PNB,36,65653.87,99.39
2024-09-15,Canara Bank,68,115841.78,99.89
2024-09-15,Union Bank,75,78925.21,98.60
2024-09-15,Central Bank,108,145939.95,98.93
2024-09-15,Punjab Bank,103,142302.31,99.08
2024-09-16,HDFC Bank,142,176593.78,98.59
2024-09-16,ICICI Bank,104,86501.56,99.63
2024-09-16,Axis Bank,45,123308.80,98.85
2024-09-16,SBI,115,158794.54,98.70
2024-09-16,Kotak Mahindra,142,103827.19,99.57
2024-09-16,YES Bank,95,79493.34,98.69
2024-09-16,IDBI Bank,124,166356.12,99.83
2024-09-16,Indian Bank,149,91813.76,99.00
2024-09-16,Bank of Baroda,131,159042.89,98.63
2024-09-16,PNB,140,116845.41,99.58
2024-09-16,Canara Bank,81,120483.96,98.52
2024-09-16,Union Bank,91,104061.17,99.62
2024-09-16,Central Bank,146,180930.37,99.73
2024-09-16,Punjab Bank,102,178170.18,99.73
2024-09-17,HDFC Bank,115,56344.62,99.24
2024-09-17,ICICI Bank,80,86595.30,98.83
2024-09-17,Axis Bank,120,163618.27,99.33
2024-09-17,SBI,140,81136.00,99.77
2024-09-17,Kotak Mahindra,59,119903.58,99.94
2024-09-17,YES Bank,45,143465.89,98.58
2024-09-17,IDBI Bank,125,121886.38,99.45
2024-09-17,Indian Bank,90,71341.95,98.57
2024-09-17,Bank of Baroda,60,122448.63,98.58
2024-09-17,PNB,40,66639.26,99.18
2024-09-17,Canara Bank,146,130332.36,99.44
2024-09-17,Union Bank,97,162193.23,98.70
2024-09-17,Central Bank,128,111872.57,98.83
2024-09-17,Punjab Bank,109,154635.84,98.64
2024-09-18,HDFC Bank,83,82240.97,99.29
2024-09-18,ICICI Bank,47,89036.74,99.12
2024-09-18,Axis Bank,95,57725.34,99.49
2024-09-18,SBI,84,198911.13,99.29
2024-09-18,Kotak Mahindra,149,109679.24,99.20
2024-09-18,YES Bank,79,140256.98,99.65
2024-09-18,IDBI Bank,147,104680.02,99.83
2024-09-18,Indian Bank,49,174900.14,99.12
2024-09-18,Bank of Baroda,62,88133.67,99.43
2024-09-18,PNB,122,109337.08,99.08
2024-09-18,Canara Bank,75,158408.26,98.98
2024-09-18,Union Bank,145,182471.52,99.16
2024-09-18,Central Bank,106,100651.54,99.26
2024-09-18,Punjab Bank,92,111981.50,99.65
2024-09-19,HDFC Bank,113,118365.97,99.13
2024-09-19,ICICI Bank,88,68987.56,98.63
2024-09-19,Axis Bank,93,162177.96,99.20
2024-09-19,SBI,62,186706.50,99.33
2024-09-19,Kotak Mahindra,90,72706.56,98.95
2024-09-19,YES Bank,80,100384.48,98.57
2024-09-19,IDBI Bank,137,130475.18,98.69
2024-09-19,Indian Bank,61,102498.96,98.86
2024-09-19,Bank of Baroda,115,65206.53,99.35
2024-09-19,PNB,60,182218.01,98.76
2024-09-19,Canara Bank,122,62141.70,99.87
2024-09-19,Union Bank,77,125691.49,99.74
2024-09-19,Central Bank,120,54620.25,99.54
2024-09-19,Punjab Bank,81,100844.08,99.53
2024-09-20,HDFC Bank,74,176827.54,99.24
2024-09-20,ICICI Bank,76,100380.40,99.73
2024-09-20,Axis Bank,150,160667.26,98.82
2024-09-20,SBI,137,90146.30,99.85
2024-09-20,Kotak Mahindra,127,167376.23,98.93
2024-09-20,YES Bank,117,55789.58,99.53
2024-09-20,IDBI Bank,56,99067.67,99.38
2024-09-20,Indian Bank,98,185051.22,98.96
2024-09-20,Bank of Baroda,45,104434.34,99.31
2024-09-20,PNB,124,126302.78,99.43
2024-09-20,Canara Bank,124,103117.05,99.73
2024-09-20,Union Bank,84,197470.06,99.05
2024-09-20,Central Bank,63,97430.15,98.94
2024-09-20,Punjab Bank,42,62048.37,98.75
2024-09-21,HDFC Bank,87,42081.54,99.34
2024-09-21,ICICI Bank,80,114255.07,99.92
2024-09-21,Axis Bank,110,141961.77,99.30
2024-09-21,SBI,64,78438.04,99.14
2024-09-21,Kotak Mahindra,50,39382.75,99.62
2024-09-21,YES Bank,32,110863.19,99.50
2024-09-21,IDBI Bank,47,98817.82,99.11
2024-09-21,Indian Bank,74,76419.03,99.62
2024-09-21,Bank of Baroda,82,119378.09,99.60
2024-09-21,PNB,100,141869.37,99.66
2024-09-21,Canara Bank,80,65974.28,98.57
2024-09-21,Union Bank,36,119410.78,99.15
2024-09-21,Central Bank,91,114981.21,98.91
2024-09-21,Punjab Bank,37,71448.23,99.00
2024-09-22,HDFC Bank,112,77405.43,99.03
2024-09-22,ICICI Bank,41,97553.88,99.42
2024-09-22,Axis Bank,32,74947.78,98.66
2024-09-22,SBI,110,62316.05,99.23
2024-09-22,Kotak Mahindra,85,60155.36,98.52
2024-09-22,YES Bank,44,75792.35,99.90
2024-09-22,IDBI Bank,107,145075.51,98.55
2024-09-22,Indian Bank,62,78018.72,99.65
2024-09-22,Bank of Baroda,66,109480.87,98.96
2024-09-22,PNB,88,85114.61,98.59
2024-09-22,Canara Bank,44,112911.54,98.92
2024-09-22,Union Bank,42,125805.58,98.63
2024-09-22,Central Bank,66,38354.75,98.52
2024-09-22,Punjab Bank,34,108774.99,99.80
2024-09-23,HDFC Bank,126,130468.28,98.87
2024-09-23,ICICI Bank,106,166986.23,98.50
2024-09-23,Axis Bank,141,133457.27,99.76
2024-09-23,SBI,84,136513.76,99.09
2024-09-23,Kotak Mahindra,99,110045.98,99.41
2024-09-23,YES Bank,119,126686.34,98.54
2024-09-23,IDBI Bank,88,116517.31,99.16
2024-09-23,Indian Bank,103,135046.89,99.24
2024-09-23,Bank of Baroda,109,93487.27,99.52
2024-09-23,PNB,74,106625.21,99.76
2024-09-23,Canara Bank,56,154671.63,99.58
2024-09-23,Union Bank,51,136867.60,99.17
2024-09-23,Central Bank,65,75388.01,98.72
2024-09-23,Punjab Bank,111,139843.41,98.52
2024-09-24,HDFC Bank,113,154553.28,99.61
2024-09-24,ICICI Bank,107,62405.50,99.93
2024-09-24,Axis Bank,60,99874.35,99.50
2024-09-24,SBI,121,158267.42,99.17
2024-09-24,Kotak Mahindra,132,132713.27,99.23
2024-09-24,YES Bank,145,178913.13,99.13
2024-09-24,IDBI Bank,144,56780.62,98.92
2024-09-24,Indian Bank,131,177572.19,99.64
2024-09-24,Bank of Baroda,99,85219.70,99.31
2024-09-24,PNB,139,62726.18,98.67
2024-09-24,Canara Bank,100,190265.42,98.93
2024-09-24,Union Bank,100,154353.78,98.73
2024-09-24,Central Bank,80,186979.72,99.79
2024-09-24,Punjab Bank,94,174549.29,98.53
2024-09-25,HDFC Bank,101,63772.52,99.42
2024-09-25,ICICI Bank,88,116936.85,98.97
2024-09-25,Axis Bank,87,172084.05,98.63
2024-09-25,SBI,130,162330.80,98.84
2024-09-25,Kotak Mahindra,139,161677.40,99.58
2024-09-25,YES Bank,75,133683.95,99.59
2024-09-25,IDBI Bank,136,96381.65,99.74
2024-09-25,Indian Bank,61,152485.81,99.66
2024-09-25,Bank of Baroda,135,191636.66,99.02
2024-09-25,PNB,51,103151.66,98.69
2024-09-25,Canara Bank,78,174651.68,99.26
2024-09-25,Union Bank,145,148989.62,99.45
2024-09-25,Central Bank,114,101115.60,99.86
2024-09-25,Punjab Bank,149,161983.18,99.69
2024-09-26,HDFC Bank,75,147712.16,98.95
2024-09-26,ICICI Bank,149,140345.27,99.47
2024-09-26,Axis Bank,95,194987.21,98.51
2024-09-26,SBI,44,87296.30,99.46
2024-09-26,Kotak Mahindra,113,56021.61,99.82
2024-09-26,YES Bank,120,177675.79,99.43
2024-09-26,IDBI Bank,65,105415.38,98.60
2024-09-26,Indian Bank,147,177026.87,99.69
2024-09-26,Bank of Baroda,131,163812.61,98.52
2024-09-26,PNB,123,146803.51,98.66
2024-09-26,Canara Bank,42,78026.79,98.60
2024-09-26,Union Bank,50,199064.29,98.92
2024-09-26,Central Bank,144,99904.45,99.36
2024-09-26,Punjab Bank,59,163391.52,98.67
2024-09-27,HDFC Bank,103,153414.36,99.86
2024-09-27,ICICI Bank,114,155870.20,99.30
2024-09-27,Axis Bank,114,126460.13,99.19
2024-09-27,SBI,54,159898.14,98.77
2024-09-27,Kotak Mahindra,85,160957.25,99.53
2024-09-27,YES Bank,56,198692.65,99.54
2024-09-27,IDBI Bank,146,195093.81,99.67
2024-09-27,Indian Bank,45,156680.23,99.88
2024-09-27,Bank of Baroda,146,116368.20,99.61
2024-09-27,PNB,50,79601.95,99.13
2024-09-27,Canara Bank,105,97873.79,99.69
2024-09-27,Union Bank,71,78259.34,99.83
2024-09-27,Central Bank,115,163564.27,98.58
2024-09-27,Punjab Bank,122,78394.65,99.10
2024-09-28,HDFC Bank,101,110420.67,99.27
2024-09-28,ICICI Bank,81,85778.50,99.40
2024-09-28,Axis Bank,46,83102.80,99.63
2024-09-28,SBI,92,90115.99,99.93
2024-09-28,Kotak Mahindra,64,87061.78,99.71
2024-09-28,YES Bank,77,103177.38,99.15
2024-09-28,IDBI Bank,52,74608.93,99.54
2024-09-28,Indian Bank,73,86602.98,99.00
2024-09-28,Bank of Baroda,60,106208.40,99.27
2024-09-28,PNB,89,132894.49,98.85
2024-09-28,Canara Bank,40,82953.41,98.54
2024-09-28,Union Bank,112,104461.66,99.94
2024-09-28,Central Bank,52,127269.88,99.70
2024-09-28,Punjab Bank,71,114584.62,99.15
