settlement_date,settlement_value_crores,transaction_count_millions,banks_involved,settlement_status,neft_transactions,rtgs_transactions
2024-06-01,56451.90,234.0,59,Completed,330035,190292
2024-06-02,54922.96,290.6,69,Completed,253213,96288
2024-06-03,65707.04,343.9,64,Completed,377371,101597
2024-06-04,69059.23,270.8,55,Completed,271957,141949
2024-06-05,68874.61,259.9,68,Completed,391963,131246
2024-06-06,78477.88,268.6,67,Completed,170254,170188
2024-06-07,64311.78,370.4,70,Completed,254345,76090
2024-06-08,30847.66,313.5,55,Completed,246832,67771
2024-06-09,53889.71,214.2,63,Completed,171051,78671
2024-06-10,50113.59,262.0,64,Completed,421111,90425
2024-06-11,76942.48,281.5,69,Completed,419607,190228
2024-06-12,81314.42,267.0,67,Completed,337724,138978
2024-06-13,50164.06,351.8,64,Completed,187664,71399
2024-06-14,74844.57,373.8,67,Completed,303628,188747
2024-06-15,55470.37,292.4,56,Completed,385348,62564
2024-06-16,41140.18,287.2,67,Completed,120240,66480
2024-06-17,83883.74,349.2,58,Completed,477951,86190
2024-06-18,46228.90,399.0,60,Completed,185394,79575
2024-06-19,51948.69,409.8,68,Completed,400016,167164
2024-06-20,51493.43,271.4,67,Completed,267436,171163
2024-06-21,76904.01,438.4,68,Completed,492910,143012
2024-06-22,47400.03,295.9,61,Completed,316000,55962
2024-06-23,37565.66,185.8,64,Completed,345097,107142
2024-06-24,69820.60,370.1,56,Completed,320953,98556
2024-06-25,67003.69,376.4,60,Completed,166456,83894
2024-06-26,81202.86,365.5,67,Completed,381923,180829
2024-06-27,62291.13,303.7,60,Completed,395954,154454
2024-06-28,65182.17,381.4,59,Completed,423688,50922
2024-06-29,32130.09,247.9,65,Completed,163783,132009
2024-06-30,28221.72,197.5,60,Completed,388881,95979
2024-07-01,50246.31,431.4,56,Completed,129191,59936
2024-07-02,40231.82,344.0,60,Completed,278988,199670
2024-07-03,79185.58,412.5,55,Completed,122497,177656
2024-07-04,79719.57,261.2,69,Completed,298250,68452
2024-07-05,63366.05,309.5,62,Completed,493909,189892
2024-07-06,33632.10,194.0,55,Completed,145241,73277
2024-07-07,41410.20,313.0,67,Completed,432251,91131
2024-07-08,74932.67,383.9,66,Completed,276309,165945
2024-07-09,79987.38,343.6,59,Completed,186987,184100
2024-07-10,78284.32,315.1,62,Completed,199463,155409
2024-07-11,82507.91,328.7,58,Completed,271300,87261
2024-07-12,53650.48,260.7,56,Completed,400386,61200
2024-07-13,41273.09,217.4,69,Completed,373479,178930
2024-07-14,37453.09,186.1,70,Completed,110440,109341
2024-07-15,52710.45,250.9,63,Completed,266455,80443
2024-07-16,60896.51,428.4,56,Completed,271807,139364
2024-07-17,55631.27,435.6,59,Completed,367735,158995
2024-07-18,50618.85,361.5,55,Completed,261543,91523
2024-07-19,78675.31,397.4,66,Completed,220030,159303
2024-07-20,39713.70,267.7,67,Completed,253777,148521
2024-07-21,44579.80,313.9,66,Completed,199579,125925
2024-07-22,61890.07,377.2,66,Completed,477610,158320
2024-07-23,65846.18,373.8,63,Completed,421331,121299
2024-07-24,74463.48,338.5,63,Completed,212976,80586
2024-07-25,69672.18,360.5,62,Completed,143849,72678
2024-07-26,63970.93,267.4,64,Completed,351122,130318
2024-07-27,53201.46,203.9,67,Completed,476383,150626
2024-07-28,54781.50,279.5,69,Completed,185008,177689
2024-07-29,47628.25,412.3,60,Completed,284226,195904
2024-07-30,42862.28,423.4,60,Completed,342373,145803
2024-07-31,64254.59,342.9,57,Completed,262402,133137
2024-08-01,73032.31,404.0,55,Completed,454101,184916
2024-08-02,58527.70,308.6,61,Completed,265622,190471
2024-08-03,30420.19,260.1,67,Completed,416096,165365
2024-08-04,46692.04,220.1,58,Completed,275479,176778
2024-08-05,42072.01,318.3,56,Completed,455735,80322
2024-08-06,44384.84,292.3,58,Completed,307121,69130
2024-08-07,70532.95,392.3,64,Completed,308960,138823
2024-08-08,70212.36,308.4,58,Completed,322877,183538
2024-08-09,83147.43,313.0,68,Completed,312585,102359
2024-08-10,36638.77,268.1,56,Completed,167447,140509
2024-08-11,30022.69,220.1,69,Completed,171256,108045
2024-08-12,54049.15,281.1,58,Completed,234781,114771
2024-08-13,79073.23,362.3,67,Completed,173943,116044
2024-08-14,84487.18,383.9,62,Completed,455293,111864
2024-08-15,54885.50,405.8,66,Completed,357623,88474
2024-08-16,74714.91,432.9,62,Completed,456109,162519
2024-08-17,36109.61,258.2,63,Completed,133725,137327
2024-08-18,40920.27,310.8,64,Completed,193614,68600
2024-08-19,41633.32,403.4,70,Completed,159884,62273
2024-08-20,65440.48,447.5,60,Completed,410896,62449
2024-08-21,54631.43,421.0,59,Completed,105927,179642
2024-08-22,64147.36,289.0,61,Completed,300644,184732
2024-08-23,81238.94,356.4,62,Completed,110872,181655
2024-08-24,30868.19,304.4,61,Completed,182754,122104
2024-08-25,57183.91,227.5,58,Completed,370826,172527
2024-08-26,42574.16,283.4,67,Completed,101679,90154
2024-08-27,58272.13,349.6,67,Completed,261095,135699
2024-08-28,59003.11,418.9,58,Completed,488948,173861
2024-08-29,80299.48,261.2,58,Completed,141138,139851
2024-08-30,41156.65,279.5,59,Completed,390811,148902
2024-08-31,28568.85,280.6,57,Completed,287733,92773
2024-09-01,38298.25,246.4,65,Completed,358502,106925
2024-09-02,57792.15,320.1,69,Completed,182552,136988
2024-09-03,50623.17,418.5,65,Completed,165636,172996
2024-09-04,82990.71,406.7,55,Completed,319732,62489
2024-09-05,81260.27,253.2,57,Completed,247940,188884
2024-09-06,52536.89,383.8,62,Completed,119604,186605
2024-09-07,56353.15,240.9,64,Completed,302423,55871
2024-09-08,53881.11,237.7,59,Completed,221589,75099
2024-09-09,83989.98,275.3,55,Completed,175676,161121
2024-09-10,61456.41,297.5,66,Completed,325428,69452
2024-09-11,80734.04,393.2,65,Completed,412537,166860
2024-09-12,47029.29,340.9,58,Completed,288878,56774
2024-09-13,57637.81,338.1,66,Completed,223564,121056
2024-09-14,31541.19,279.9,68,Completed,200331,102701
2024-09-15,28976.35,253.9,66,Completed,331531,79950
2024-09-16,51538.13,359.5,55,Completed,379756,173390
2024-09-17,65296.18,404.9,64,Completed,486262,93939
2024-09-18,74398.64,429.9,69,Completed,226737,74071
2024-09-19,45330.70,261.6,63,Completed,476797,103217
2024-09-20,65345.40,421.9,61,Completed,452297,82324
2024-09-21,39212.52,211.5,67,Completed,356559,129366
2024-09-22,41363.22,211.5,62,Completed,328005,59611
2024-09-23,71206.79,401.6,67,Completed,465677,59809
2024-09-24,47526.55,362.9,64,Completed,386487,165370
2024-09-25,50484.42,415.8,64,Completed,344894,100465
2024-09-26,69565.23,421.7,64,Completed,490296,141025
2024-09-27,47468.69,381.1,63,Completed,100174,183866
2024-09-28,41704.94,229.3,63,Completed,113034,122365
